Time (s),GSR Value
0.0026009082794189453,1865
0.002621889114379883,1854
0.1348738670349121,1849
0.23816800117492676,1850
0.3423910140991211,2107
0.4469461441040039,1983
0.5511980056762695,1763
0.6556570529937744,1822
0.76007080078125,1832
0.864483118057251,1839
0.9689218997955322,1835
1.0734529495239258,1837
1.1779720783233643,1834
1.28239107131958,1835
1.3868300914764404,1831
1.4907610416412354,1832
1.595017910003662,1824
1.6991419792175293,1817
1.8036091327667236,1820
1.907531976699829,1819
2.011996030807495,2079
2.1158690452575684,1972
2.220391035079956,1737
2.324164867401123,1775
2.4286890029907227,1789
2.5324389934539795,1792
2.6368720531463623,1795
2.74082088470459,1784
2.8453900814056396,1784
2.949190855026245,1780
3.0536561012268066,1777
3.1574840545654297,1777
3.261991024017334,1774
3.365818977355957,1777
3.470327138900757,1782
3.5741140842437744,1778
3.6785547733306885,2078
3.782456159591675,1967
3.8869729042053223,1757
3.9908359050750732,1790
4.095299005508423,1786
4.199136972427368,1775
4.303629159927368,1766
4.4073779582977295,1772
4.51174783706665,1776
4.615426063537598,1779
4.7194318771362305,1778
4.823699951171875,1780
4.927783012390137,1783
5.0323569774627686,1779
5.136668920516968,1777
5.24052882194519,1776
5.344871997833252,2025
5.448405981063843,1925
5.552824020385742,1712
5.656409978866577,1753
5.760110139846802,1771
5.864420175552368,1780
5.968961000442505,1785
6.073461055755615,1783
6.177238941192627,1786
6.280728101730347,1787
6.384399890899658,1787
6.487694025039673,1790
6.591913938522339,1794
6.69573712348938,1790
6.7989068031311035,1792
6.902477025985718,1792
7.006254196166992,2055
7.109691858291626,1937
7.2134339809417725,1723
7.317995071411133,1767
7.422303915023804,1781
7.526390075683594,1792
7.629948854446411,1800
7.733663082122803,1794
7.837582111358643,1791
7.941310882568359,1791
8.045561075210571,1793
8.15061616897583,1792
8.257155179977417,1796
8.360974073410034,1791
8.465250968933105,1798
8.569517135620117,1800
8.67380690574646,2047
8.778105974197388,1927
8.882255792617798,1727
8.987405061721802,1769
9.091179132461548,1795
9.195814847946167,1795
9.300345182418823,1801
9.404572010040283,1803
9.50907588005066,1800
9.61357593536377,1808
9.718020915985107,1811
9.822196006774902,1810
9.92649507522583,1820
10.0309157371521,1809
10.135344982147217,1811
10.239611864089966,1810
10.34411096572876,2049
10.448210954666138,1956
10.552473783493042,1741
10.656706094741821,1791
10.761075973510742,1800
10.865428924560547,1815
10.969604969024658,1823
11.073714971542358,1817
11.177775859832764,1813
11.28210997581482,1813
11.386534929275513,1824
11.490713119506836,1832
11.598784923553467,1837
11.70311188697815,1831
11.807038068771362,1832
11.91149115562439,1823
12.015485048294067,2073
12.119879961013794,1982
12.223728895187378,1751
12.328084945678711,1803
12.432088136672974,1822
12.536420822143555,1825
12.640400886535645,1825
12.744861841201782,1826
12.848781108856201,1830
12.953369140625,1832
13.057631969451904,1826
13.162000894546509,1831
13.266485929489136,1837
13.370857000350952,1836
13.474286079406738,1827
13.578826904296875,1818
13.683094024658203,2086
13.787483930587769,1986
13.890951871871948,1746
13.995347023010254,1793
14.098834991455078,1803
14.203253030776978,1801
14.30760407447815,1807
14.412101984024048,1799
14.516516208648682,1800
14.621115922927856,1793
14.725596904754639,1793
14.829996109008789,1779
14.934372901916504,1774
15.038683891296387,1776
15.14212679862976,1771
15.246481895446777,1762
15.3507080078125,2027
15.455134868621826,1927
15.559478044509888,1699
15.663678884506226,1747
15.768079996109009,1764
15.872555017471313,1762
15.97691798210144,1773
16.08111596107483,1772
16.185301065444946,1791
16.28976583480835,1865
16.394190788269043,1845
16.498653888702393,1814
16.602957010269165,1809
16.706932067871094,1799
16.811152935028076,1791
16.915334939956665,1785
17.01964497566223,2033
17.12358593940735,1939
17.228014945983887,1708
17.331929922103882,1756
17.436307907104492,1779
17.540183067321777,1780
17.644484758377075,1786
17.748594045639038,1783
17.853035926818848,1776
17.95687198638916,1758
18.06126594543457,1744
18.16521406173706,1760
18.26955485343933,1778
18.373602151870728,1781
18.477881908416748,1789
18.58189582824707,1786
18.686299800872803,2051
18.790246963500977,1930
18.89455795288086,1693
18.998516082763672,1715
19.103042125701904,1722
19.206897020339966,1719
19.311406135559082,1717
19.415313959121704,1713
19.51969885826111,1710
19.623564958572388,1715
19.727996826171875,1710
19.831973791122437,1712
19.936434030532837,1723
20.040690898895264,1738
20.14484691619873,1756
20.248636960983276,1762
20.352257013320923,2020
20.45659899711609,1889
20.561057090759277,1663
20.66513204574585,1701
20.76990795135498,1720
20.8734028339386,1705
20.97787594795227,1689
21.081883907318115,1699
21.186271905899048,1743
21.290178060531616,1771
21.394537925720215,1777
21.498451948165894,1792
21.60209894180298,1789
21.706479787826538,1782
21.810990810394287,1791
21.915124893188477,1787
22.019427061080933,2035
22.12345814704895,1943
22.227742910385132,1718
22.33177399635315,1758
22.436080932617188,1780
22.540177822113037,1787
22.644614934921265,1790
22.748363971710205,1789
22.852690935134888,1782
22.956718921661377,1791
23.06116509437561,1791
23.16507077217102,1801
23.26949405670166,1790
23.373308897018433,1793
23.477732181549072,1785
23.58171010017395,1789
23.686226844787598,2023
23.790555953979492,1945
23.894979000091553,1708
23.998395919799805,1767
24.102720022201538,1766
24.206752061843872,1769
24.311204195022583,1759
24.415091037750244,1767
24.5191810131073,1754
24.623385906219482,1750
24.727731943130493,1753
24.831757068634033,1752
24.936200857162476,1749
25.040036916732788,1750
25.144490003585815,1746
25.2483389377594,1742
25.35274910926819,2010
25.457175970077515,1894
25.561625003814697,1675
25.665812015533447,1724
25.77012300491333,1734
25.874605178833008,1742
25.978770971298218,1741
26.083216905593872,1756
26.187684774398804,1748
26.29220199584961,1744
26.396883964538574,1752
26.501422882080078,1753
26.606029987335205,1744
26.70998191833496,1750
26.81435489654541,1751
26.814377069473267,1758
27.023183822631836,1999
27.127535820007324,1885
27.23165488243103,1689
27.3352689743042,1736
27.439593076705933,1761
27.54398202896118,1767
27.648256063461304,1774
27.752588033676147,1774
27.856609106063843,1768
27.961100101470947,1766
28.064945936203003,1769
28.169217109680176,1766
28.27323079109192,1767
28.37724804878235,1766
28.481568098068237,1768
28.481590032577515,1773
28.689872980117798,2046
28.794275045394897,1912
28.89828896522522,1696
29.002734899520874,1745
29.10709309577942,1759
29.211471796035767,1774
29.31486701965332,1777
29.418928861618042,1787
29.523178100585938,1791
29.627636909484863,1796
29.731584072113037,1791
29.836040019989014,1790
29.94013214111328,1787
30.044517993927002,1788
30.044540882110596,1793
30.14812994003296,1796
30.357059001922607,2069
30.461553812026978,1931
30.565937995910645,1718
30.670469999313354,1766
30.774851083755493,1785
30.879202127456665,1786
30.983502864837646,1791
31.08793592453003,1785
31.191842079162598,1805
31.295601844787598,1799
31.3991858959198,1801
31.503652095794678,1799
31.607001781463623,1797
31.711386919021606,1797
31.711408853530884,1791
31.81591510772705,1805
32.02509808540344,2064
32.129475831985474,1931
32.23374795913696,1709
32.33817100524902,1766
32.44256114959717,1793
32.54700493812561,1784
32.6512930393219,1791
32.75577092170715,1787
32.860158920288086,1786
32.96471095085144,1783
33.06873083114624,1777
33.173588037490845,1785
33.17360997200012,1784
33.27812194824219,1778
33.382407903671265,1777
33.4865300655365,1779
33.590211153030396,2026
33.799171924591064,1912
33.9036660194397,1703
34.00810694694519,1742
34.11252784729004,1756
34.21695113182068,1770
34.321329832077026,1775
34.42572903633118,1766
34.53004789352417,1767
34.63435697555542,1772
34.738789796829224,1781
34.73881387710571,1775
34.843411922454834,1773
34.94771194458008,1780
35.05200791358948,1777
35.15626001358032,1770
35.260549783706665,2016
35.469022035598755,1929
35.57295894622803,1704
35.677650928497314,1752
35.78135895729065,1765
35.88690519332886,1768
35.99124884605408,1780
36.094748973846436,1776
36.19902205467224,1771
36.30352783203125,1779
36.303550004959106,1775
36.40804409980774,1779
36.51257801055908,1764
36.6170129776001,1764
36.721384048461914,1759
36.825721979141235,1759
36.9300479888916,1995
37.138887882232666,1890
37.242899894714355,1675
37.34737682342529,1715
37.45168209075928,1734
37.55612397193909,1735
37.65974187850952,1730
37.76338195800781,1738
37.86706900596619,1741
37.97092795372009,1742
37.97095203399658,1738
38.075523853302,1738
38.17932105064392,1737
38.28382992744446,1738
38.38750600814819,1737
38.4921600818634,1743
38.59654092788696,1986
38.80539393424988,1884
38.90968990325928,1677
39.013906955718994,1722
39.11844992637634,1739
39.222841024398804,1745
39.32746911048889,1754
39.431283950805664,1754
39.535818099975586,1751
39.535841941833496,1753
39.639618158340454,1755
39.74365997314453,1749
39.84789776802063,1754
39.95225977897644,1761
40.05626392364502,1762
40.160605907440186,1742
40.26456809043884,2041
40.47336506843567,1890
40.57788586616516,1687
40.68239688873291,1732
40.78580093383789,1752
40.88939690589905,1760
40.99414086341858,1760
41.09791898727417,1764
41.09794211387634,1762
41.202364921569824,1761
41.30611300468445,1751
41.41072702407837,1756
41.51481509208679,1762
41.621192932128906,1766
41.72621703147888,1768
41.829952001571655,1770
41.93428897857666,1998
42.142462968826294,1902
42.246661901474,1692
42.35067009925842,1741
42.455140829086304,1758
42.55952477455139,1765
42.66393804550171,1765
42.66396117210388,1775
42.76861119270325,1769
42.87284207344055,1763
42.977365016937256,1777
43.08107900619507,1772
43.18526220321655,1773
43.28936982154846,1774
43.393669843673706,1777
43.497737884521484,1775
43.605937004089355,1996
43.81573700904846,1900
43.92011284828186,1715
44.024662017822266,1751
44.12934184074402,1769
44.12936806678772,1777
44.23373103141785,1778
44.33812999725342,1775
44.4424409866333,1782
44.546950817108154,1777
44.651495933532715,1786
44.755975008010864,1778
44.860557079315186,1778
44.96442794799805,1777
45.06879115104675,1783
45.17282009124756,1781
45.2772159576416,2043
45.48533892631531,1929
45.58936405181885,1719
45.693808794021606,1762
45.69383192062378,1778
45.7977249622345,1780
45.902122020721436,1788
46.006102085113525,1787
46.110658168792725,1799
46.21441578865051,1792
46.318828105926514,1790
46.42271685600281,1787
46.527191162109375,1784
46.63096809387207,1783
46.7353789806366,1790
46.83926296234131,1786
46.94375491142273,2014
47.15194797515869,1930
47.25599789619446,1700
47.360594034194946,1753
47.360617876052856,1771
47.46430277824402,1775
47.56867599487305,1782
47.67263889312744,1784
47.77685499191284,1777
47.88093900680542,1781
47.985241174697876,1782
48.089303970336914,1782
48.1937210559845,1780
48.297520875930786,1782
48.40149712562561,1800
48.5059859752655,1788
48.61044788360596,2071
48.818772077560425,1917
48.9226188659668,1714
48.92264199256897,1772
49.02701997756958,1779
49.13091206550598,1779
49.23547005653381,1792
49.339343786239624,1790
49.443506956100464,1787
49.547621965408325,1791
49.65220403671265,1791
49.75588893890381,1787
49.860313177108765,1793
49.9642539024353,1790
50.0688099861145,1785
50.17307090759277,1794
50.2773540019989,2026
50.4851598739624,1925
50.58908176422119,1722
50.589107036590576,1762
50.69331407546997,1783
50.79766297340393,1795
50.90229296684265,1788
51.006351947784424,1798
51.11086583137512,1796
51.2154700756073,1795
51.319998025894165,1794
51.42443013191223,1789
51.52889800071716,1802
51.633309841156006,1801
51.7377290725708,1797
51.84231996536255,1803
51.94677782058716,2040
52.15574598312378,1942
52.15576696395874,1727
52.26023817062378,1779
52.364089012145996,1794
52.46858811378479,1801
52.572396993637085,1798
52.677278995513916,1804
52.78081679344177,1805
52.885173082351685,1795
52.98904490470886,1804
53.09341096878052,1805
53.197542905807495,1808
53.30214190483093,1804
53.40579295158386,1805
53.51009488105774,1808
53.61411094665527,2059
53.71844506263733,1943
53.82250499725342,1730
53.927255153656006,1782
54.030730962753296,1804
54.135164976119995,1807
54.23900485038757,1813
54.34327983856201,1808
54.44746398925781,1809
54.551918745040894,1822
54.656272888183594,1802
54.7607958316803,1808
54.86515688896179,1799
54.969475746154785,1810
55.07391381263733,1808
55.17839217185974,1802
55.2830069065094,2071
55.38748908042908,1917
55.4920539855957,1740
55.59611392021179,1787
55.700626850128174,1807
55.805168867111206,1807
55.90966296195984,1813
56.01406908035278,1804
56.118582010269165,1814
56.22230100631714,1813
56.32675004005432,1803
56.4307599067688,1815
56.53512096405029,1817
56.639086961746216,1811
56.74370789527893,1811
56.847416162490845,1832
56.9518039226532,2054
57.05563688278198,1975
57.1598641872406,1737
57.263970136642456,1786
57.36825084686279,1809
57.47221088409424,1814
57.57666516304016,1816
57.68055510520935,1819
57.78466510772705,1818
57.888988971710205,1820
57.99363303184509,1815
58.0972638130188,1819
58.20071887969971,1819
58.304133892059326,1826
58.40852689743042,1821
58.51297473907471,1815
58.61727595329285,2053
58.721691846847534,1951
58.8260018825531,1750
58.93046712875366,1796
59.03504204750061,1811
59.139450788497925,1820
59.243674993515015,1819
59.34732389450073,1829
59.45192289352417,1817
59.555660009384155,1822
59.66026020050049,1830
59.76386594772339,1823
59.86830377578735,1823
59.97230386734009,1822
60.07692503929138,1819
60.180537939071655,1820
60.285072803497314,2053
60.3893928527832,1964
60.493775844573975,1749
60.59829306602478,1793
60.70288300514221,1809
60.807466983795166,1821
60.910958766937256,1814
61.01479983329773,1816
61.11899399757385,1816
61.22345185279846,1812
61.327807903289795,1806
61.43225598335266,1809
61.53666687011719,1805
61.641254901885986,1799
61.74574398994446,1809
61.850244760513306,1796
61.954729080200195,2041
62.05935311317444,1910
62.1638457775116,1711
62.26853895187378,1748
62.37316298484802,1759
62.477750062942505,1755
62.58199977874756,1756
62.6866250038147,1759
62.79106688499451,1757
62.895477056503296,1757
62.999897956848145,1753
63.10433101654053,1756
63.20917987823486,1754
63.313721895217896,1758
63.41818189620972,1744
63.5220308303833,1751
63.62632083892822,2018
63.73043513298035,1904
63.83430886268616,1678
63.93859887123108,1735
64.04299283027649,1742
64.14699006080627,1753
64.25147199630737,1749
64.35532283782959,1754
64.45972084999084,1753
64.56367492675781,1754
64.66753792762756,1753
64.77195382118225,1760
64.87622714042664,1763
64.980309009552,1763
65.08455896377563,1752
65.18867301940918,1756
65.2927758693695,2042
65.39691591262817,1902
65.50136995315552,1694
65.60533499717712,1734
65.70895218849182,1746
65.81335997581482,1754
65.91778683662415,1765
66.02196788787842,1769
66.12619996070862,1767
66.23034906387329,1771
66.33472299575806,1764
66.4386088848114,1765
66.54300904273987,1772
66.6470320224762,1764
66.75140190124512,1763
66.85522890090942,1769
66.95971512794495,1996
67.06358599662781,1923
67.16794180870056,1694
67.2718780040741,1733
67.37641906738281,1757
67.48021984100342,1769
67.5846619606018,1767
67.68853998184204,1772
67.7929539680481,1771
67.89689612388611,1771
68.00061011314392,1769
68.10413908958435,1771
68.2084448337555,1771
68.31269192695618,1780
68.41717886924744,1773
68.52145099639893,1767
68.6258978843689,2035
68.73020005226135,1932
68.83458995819092,1703
68.93854904174805,1748
69.04279088973999,1770
69.14685297012329,1777
69.25119209289551,1781
69.35516691207886,1778
69.45946383476257,1778
69.56350207328796,1779
69.66779398918152,1781
69.77181792259216,1782
69.87622499465942,1785
69.98017692565918,1780
70.08359503746033,1780
70.1878399848938,1782
70.29224801063538,2041
70.39655876159668,1923
70.50090193748474,1721
70.60509276390076,1767
70.70942115783691,1787
70.81362009048462,1779
70.91742897033691,1782
71.02188014984131,1785
71.12617897987366,1784
71.23029613494873,1791
71.33481287956238,1785
71.43860197067261,1789
71.54310512542725,1788
71.64683198928833,1781
71.75126719474792,1791
71.85570406913757,1794
71.96012496948242,2032
72.06462383270264,1912
72.16920900344849,1713
72.27372789382935,1770
72.37777590751648,1781
72.48206114768982,1790
72.58656692504883,1791
72.69104599952698,1792
72.79554104804993,1791
72.90020799636841,1794
73.0046489238739,1792
73.1092300415039,1796
73.21354794502258,1796
73.31802201271057,1797
73.42166304588318,1800
73.52623391151428,1794
73.63012599945068,2027
73.73448300361633,1952
73.83893394470215,1732
73.9426019191742,1774
74.0468327999115,1790
74.1513500213623,1787
74.25516605377197,1796
74.35974097251892,1798
74.46338510513306,1794
74.566899061203,1798
74.6714940071106,1792
74.7760009765625,1792
74.88009715080261,1799
74.98447585105896,1796
75.08838200569153,1796
75.1927318572998,1795
75.29684615135193,2031
75.40105509757996,1960
75.50493097305298,1722
75.60982394218445,1770
75.71344113349915,1794
75.81799387931824,1797
75.92166781425476,1802
76.02590584754944,1799
76.12998795509338,1801
76.23470282554626,1791
76.33887100219727,1802
76.44332003593445,1798
76.54704999923706,1799
76.65146708488464,1803
76.7555148601532,1799
76.85991716384888,1796
76.96335101127625,2060
77.06801295280457,1919
77.17218780517578,1726
77.27651619911194,1772
77.3800220489502,1793
77.48460006713867,1803
77.58888912200928,1807
77.69319605827332,1804
77.79658389091492,1806
77.90092492103577,1807
78.005038022995,1807
78.10959100723267,1809
78.21482396125793,1799
78.3245940208435,1803
78.42895317077637,1801
78.42897987365723,1802
78.6380250453949,2057
78.742604970932,1940
78.84656095504761,1730
78.95104193687439,1780
79.0549168586731,1800
79.1592960357666,1803
79.2633171081543,1805
79.36790990829468,1817
79.47157883644104,1815
79.57597279548645,1820
79.67987585067749,1811
79.78459811210632,1804
79.88821506500244,1811
79.9926929473877,1802
79.99271607398987,1812
80.09660696983337,1807
80.30485892295837,2047
80.40933609008789,1918
80.51324486732483,1733
80.61785078048706,1788
80.72159314155579,1803
80.8261067867279,1807
80.92989706993103,1809
81.0344820022583,1809
81.13913798332214,1808
81.24357986450195,1810
81.34753108024597,1809
81.45154905319214,1809
81.55584907531738,1810
81.66030216217041,1809
81.66032409667969,1809
81.76456594467163,1810
81.9732518196106,2072
82.07761788368225,1951
82.18215298652649,1737
82.28672695159912,1788
82.39132690429688,1804
82.49584102630615,1809
82.60031318664551,1811
82.70481419563293,1813
82.80910992622375,1816
82.91316795349121,1812
83.01765298843384,1810
83.12152981758118,1815
83.12155485153198,1817
83.22607803344727,1812
83.32988119125366,1814
83.43408417701721,1810
83.53809094429016,2095
83.74647402763367,1955
83.85094594955444,1744
83.95477890968323,1791
84.05933809280396,1807
84.16304898262024,1811
84.2674241065979,1814
84.3713448047638,1819
84.47573208808899,1816
84.57983493804932,1818
84.68445491790771,1811
84.78804779052734,1816
84.7880699634552,1819
84.89237403869629,1816
84.99635410308838,1818
85.10066890716553,1815
85.20475602149963,2070
85.41305589675903,1972
85.51754808425903,1737
85.62191390991211,1785
85.72632694244385,1809
85.83077788352966,1812
85.93523097038269,1816
86.0395998954773,1819
86.14322304725647,1812
86.24750995635986,1811
86.35187792778015,1818
86.35190105438232,1817
86.45623803138733,1819
86.56056904792786,1822
86.66403102874756,1818
86.76839303970337,1820
86.87185788154602,2049
87.0796148777008,1959
87.1839029788971,1740
87.28791403770447,1789
87.39124894142151,1817
87.49560284614563,1814
87.59994602203369,1811
87.70341992378235,1815
87.8069839477539,1813
87.91132688522339,1810
88.01570105552673,1814
88.12009286880493,1809
88.12011504173279,1809
88.22453999519348,1801
88.32894396781921,1804
88.43330883979797,1797
88.53776407241821,2066
88.7462329864502,1940
88.85043692588806,1712
88.95458579063416,1767
89.05887007713318,1780
89.16288375854492,1787
89.26723408699036,1788
89.37121415138245,1786
89.47555303573608,1778
89.57953596115112,1782
89.68390393257141,1784
89.68392705917358,1781
89.7878930568695,1790
89.89236307144165,1787
89.99618887901306,1787
90.10052609443665,1783
90.20455503463745,2024
90.41284513473511,1928
90.51719498634338,1710
90.62116599082947,1764
90.7257149219513,1780
90.82957291603088,1771
90.93413400650024,1785
91.0377950668335,1785
91.14227104187012,1788
91.24620294570923,1784
91.24622583389282,1785
91.35064601898193,1781
91.45453381538391,1790
91.55899810791016,1787
91.66286396980286,1784
91.7673659324646,1786
91.87124395370483,2049
92.07954597473145,1942
92.1841049194336,1716
92.28778004646301,1761
92.39222288131714,1782
92.49618887901306,1791
92.6004250049591,1788
92.70449590682983,1792
92.80873703956604,1786
92.91274285316467,1790
92.91276502609253,1792
93.01718997955322,1791
93.12113904953003,1795
93.22560000419617,1796
93.32941007614136,1788
93.43374276161194,1790
93.53769397735596,2018
93.74620389938354,1930
93.85067796707153,1712
93.95436382293701,1750
94.05884790420532,1769
94.16266298294067,1764
94.26709508895874,1764
94.37108898162842,1764
94.4754638671875,1750
94.57937693595886,1759
94.57940006256104,1745
94.68370413780212,1751
94.78772687911987,1741
94.89203596115112,1742
94.99601316452026,1724
95.10037612915039,1733
95.2044370174408,1964
95.4126570224762,1869
95.51613807678223,1659
95.6201741695404,1694
95.72464799880981,1712
95.82911109924316,1717
95.93333506584167,1712
96.03760313987732,1719
96.14205503463745,1716
96.14207792282104,1720
96.24596619606018,1713
96.35033798217773,1719
96.45483899116516,1707
96.55922198295593,1713
96.66372680664062,1713
96.76808714866638,1719
96.87151789665222,1963
97.08043074607849,1871
97.18469595909119,1650
97.28814911842346,1688
97.39248299598694,1712
97.49593901634216,1720
97.60013794898987,1722
97.7042920589447,1720
97.80868792533875,1719
97.80870985984802,1720
97.91263318061829,1720
98.01716899871826,1723
98.12150192260742,1726
98.22590494155884,1727
98.3304991722107,1724
98.43527698516846,1725
98.53948903083801,1999
98.74843502044678,1873
98.85217094421387,1662
98.95666098594666,1706
99.0610020160675,1726
99.16543197631836,1730
99.26967978477478,1731
99.37421011924744,1737
99.37423205375671,1737
99.4778528213501,1736
99.58216285705566,1738
99.68661308288574,1736
99.79110980033875,1737
99.89545702934265,1737
99.99986410140991,1736
100.10422205924988,1739
100.20856094360352,1962
100.41684293746948,1891
100.52097296714783,1668
100.62548685073853,1713
100.72920989990234,1732
100.8341588973999,1740
100.93804693222046,1741
100.93806910514832,1743
101.04255700111389,1751
101.14709615707397,1746
101.25172090530396,1737
101.35577702522278,1746
101.46007204055786,1747
101.56449317932129,1746
101.66895198822021,1747
101.77348899841309,1751
101.87756109237671,2004
102.09497284889221,1875
102.19994902610779,1677
102.30421495437622,1731
102.30424094200134,1740
102.40875792503357,1745
102.51354098320007,1751
102.61769700050354,1757
102.72135710716248,1748
102.82589292526245,1749
102.92970085144043,1753
103.03622794151306,1749
103.14571189880371,1755
103.25091600418091,1750
103.35455799102783,1750
103.45933699607849,1750
103.56356000900269,1991
103.66831493377686,1906
103.7721118927002,1689
103.87676000595093,1723
103.98112106323242,1731
104.08547496795654,1750
104.18984079360962,1759
104.29538416862488,1755
104.40166401863098,1761
104.50560688972473,1758
104.61029505729675,1761
104.71520495414734,1760
104.81923198699951,1762
104.92372679710388,1768
105.02779388427734,1760
105.1321918964386,1754
105.23669409751892,2001
105.34140396118164,1898
105.44569396972656,1687
105.5517361164093,1724
105.6557891368866,1745
105.76099896430969,1746
105.86579990386963,1752
105.97037291526794,1749
106.07494711875916,1752
106.17913603782654,1751
106.28358697891235,1744
106.38746809959412,1749
106.49215006828308,1752
106.59677600860596,1741
106.70118999481201,1746
106.80575895309448,1745
106.91044616699219,1982
107.01433300971985,1874
107.11841297149658,1676
107.22279715538025,1710
107.32740497589111,1727
107.43202686309814,1735
107.53558707237244,1737
107.63999390602112,1736
107.74442386627197,1730
107.84877395629883,1731
107.95333194732666,1729
108.05763983726501,1732
108.16232490539551,1724
108.26689577102661,1733
108.37067699432373,1725
108.4752299785614,1728
108.5789041519165,1989
108.68374991416931,1879
108.78782105445862,1666
108.89226078987122,1715
108.99664306640625,1729
109.10115313529968,1734
109.20590591430664,1733
109.31042408943176,1743
109.4144058227539,1748
109.5188639163971,1750
109.62328600883484,1744
109.72787404060364,1743
109.83228492736816,1744
109.93736386299133,1749
110.04148888587952,1754
110.14550995826721,1752
110.2498791217804,1991
110.35381293296814,1896
110.45879292488098,1677
110.562166929245,1730
110.66663599014282,1751
110.77102589607239,1746
110.87550687789917,1749
110.97991704940796,1756
111.08446383476257,1751
111.18817782402039,1754
111.29252409934998,1752
111.39690494537354,1755
111.5008897781372,1751
111.60550093650818,1755
111.70994687080383,1749
111.81678700447083,1754
111.93141293525696,2016
112.03529906272888,1903
112.139976978302,1684
112.24463200569153,1729
112.34910011291504,1741
112.4537079334259,1754
112.55767893791199,1753
112.66207218170166,1756
112.7664430141449,1758
112.87040305137634,1760
112.974937915802,1755
113.07877087593079,1753
113.18328189849854,1754
113.28764605522156,1768
113.39201402664185,1756
113.39203786849976,1756
113.6005539894104,1986
113.70483779907227,1916
113.80926895141602,1693
113.91333508491516,1735
114.01778793334961,1757
114.12222099304199,1767
114.22684001922607,1759
114.33141994476318,1762
114.43586111068726,1766
114.54043912887573,1755
114.64487981796265,1763
114.74948787689209,1763
114.85374689102173,1761
114.9581470489502,1765
114.95816993713379,1767
115.06202697753906,1770
115.27044296264648,2040
115.37425589561462,1923
115.478670835495,1694
115.58319306373596,1749
115.68758821487427,1758
115.79261994361877,1768
115.8972020149231,1768
116.00180888175964,1768
116.10613989830017,1773
116.21094298362732,1769
116.31572794914246,1773
116.42020201683044,1767
116.5247859954834,1774
116.52480792999268,1778
116.62866401672363,1773
116.73304510116577,1770
116.8375129699707,2024
117.04526901245117,1907
117.14944791793823,1701
117.25366497039795,1751
117.35832285881042,1765
117.46235394477844,1773
117.56652283668518,1775
117.67080593109131,1777
117.7751350402832,1779
117.87856793403625,1775
117.98284602165222,1775
118.08749175071716,1779
118.08751320838928,1774
118.1920599937439,1779
118.29597687721252,1781
118.42349600791931,1782
118.52856802940369,2018
118.73761582374573,1922
118.84490394592285,1706
118.94897890090942,1759
119.05344796180725,1773
119.05347108840942,1786
119.157958984375,1781
119.26189017295837,1786
119.36582899093628,1781
119.47016286849976,1783
119.57474207878113,1788
119.67855477333069,1785
119.7834460735321,1787
119.88747906684875,1786
119.99215388298035,1778
120.10355687141418,1787
120.21146392822266,2019
120.31677484512329,1945
120.42070698738098,1715
120.52528786659241,1761
120.6296808719635,1780
120.73307180404663,1787
120.83738398551941,1788
120.94212102890015,1788
121.04621481895447,1790
121.15109896659851,1797
121.25654292106628,1799
121.36118197441101,1791
121.46560215950012,1793
121.56985402107239,1787
121.67438006401062,1789
121.77844095230103,1787
121.88226413726807,2040
121.98674201965332,1943
122.09135317802429,1722
122.19507193565369,1771
122.29972290992737,1775
122.40339779853821,1788
122.50788688659668,1791
122.61173605918884,1793
122.71615886688232,1806
122.82008504867554,1795
122.92486715316772,1793
123.03005480766296,1790
123.13470888137817,1796
123.23837685585022,1788
123.34289598464966,1799
123.4473328590393,1797
123.55172991752625,2034
123.65625810623169,1954
123.76075601577759,1725
123.86504912376404,1770
123.96977686882019,1788
124.07357907295227,1793
124.17797303199768,1796
124.28296899795532,1796
124.38726305961609,1797
124.49226498603821,1803
124.59676098823547,1796
124.70116782188416,1794
124.80569195747375,1795
124.91023206710815,1799
125.01383805274963,1792
125.1184561252594,1799
125.22303891181946,2037
125.32778906822205,1950
125.43257975578308,1722
125.53660488128662,1770
125.64092016220093,1785
125.74498295783997,1790
125.84940791130066,1794
125.95340895652771,1791
126.05784511566162,1796
126.16164088249207,1794
126.26607584953308,1797
126.37050604820251,1794
126.47452116012573,1796
126.5782949924469,1795
126.6828989982605,1795
126.7871880531311,1798
126.891597032547,2058
126.99560403823853,1939
127.10009288787842,1726
127.20380997657776,1773
127.30781102180481,1789
127.41167998313904,1794
127.51570582389832,1797
127.61989498138428,1799
127.72371697425842,1801
127.82822299003601,1800
127.93283796310425,1803
128.03715896606445,1799
128.14160418510437,1800
128.24604105949402,1803
128.35046291351318,1801
128.45495700836182,1802
128.55952095985413,2067
128.66408801078796,1942
128.7687361240387,1729
128.87335205078125,1770
128.97798705101013,1796
129.08246994018555,1800
129.1866419315338,1797
129.29152297973633,1808
129.3959460258484,1802
129.5002601146698,1806
129.60487294197083,1808
129.70924282073975,1805
129.81364679336548,1805
129.9182059764862,1808
130.02268600463867,1802
130.1272029876709,1802
130.23163485527039,2069
130.33538103103638,1981
130.43999481201172,1738
130.54465699195862,1779
130.64978408813477,1795
130.753741979599,1799
130.85808992385864,1806
130.96257400512695,1808
131.06696200370789,1799
131.1703760623932,1806
131.27480697631836,1811
131.37934684753418,1807
131.48389291763306,1808
131.5884280204773,1803
131.6929919719696,1816
131.7970700263977,1803
131.901508808136,2048
132.00501203536987,1962
132.109445810318,1740
132.21386909484863,1785
132.31836915016174,1799
132.42308402061462,1805
132.52759981155396,1809
132.6320788860321,1808
132.73655200004578,1809
132.84105706214905,1809
132.94484686851501,1808
133.0494029521942,1815
133.15486907958984,1821
133.25837111473083,1813
133.3624918460846,1811
133.4663529396057,1806
133.57080698013306,2067
133.67539191246033,1955
133.77924990653992,1739
133.88407492637634,1786
133.98843693733215,1803
134.09296798706055,1809
134.19732403755188,1817
134.3018398284912,1816
134.4063229560852,1810
134.5102469921112,1812
134.6147119998932,1815
134.71931505203247,1815
134.82378005981445,1821
134.92812490463257,1815
135.03269290924072,1816
135.1364779472351,1818
135.24093103408813,2071
135.34479689598083,1973
135.44927382469177,1736
135.5531189441681,1785
135.65760493278503,1800
135.76146984100342,1806
135.86592316627502,1812
135.9702389240265,1812
136.07455205917358,1807
136.17799186706543,1812
136.2823829650879,1813
136.38637113571167,1810
136.4909439086914,1811
136.59465503692627,1803
136.6993899345398,1806
136.80363178253174,1812
136.90812587738037,2068
137.0123679637909,1963
137.116779088974,1736
137.2212779521942,1786
137.32574105262756,1805
137.42983984947205,1803
137.53392004966736,1807
137.63741993904114,1809
137.74170398712158,1800
137.84601712226868,1804
137.95035696029663,1804
138.054594039917,1807
138.1589651107788,1808
138.26334381103516,1808
138.36782002449036,1796
138.36784315109253,1784
138.57687997817993,2016
138.6809720993042,1895
138.7855429649353,1685
138.89000701904297,1707
138.99459409713745,1711
139.09921193122864,1704
139.20344305038452,1703
139.30781292915344,1689
139.4112069606781,1691
139.5155200958252,1705
139.61956882476807,1742
139.72395300865173,1778
139.82795810699463,1782
139.93259000778198,1779
139.9326159954071,1778
140.0367739200592,1787
140.24462008476257,2040
140.3491039276123,1941
140.45343494415283,1701
140.55791687965393,1752
140.66227889060974,1774
140.76693391799927,1775
140.87135004997253,1771
140.97591614723206,1787
141.08036994934082,1801
141.18488597869873,1793
141.2892849445343,1785
141.393718957901,1769
141.49751615524292,1772
141.4975380897522,1753
141.60180687904358,1746
141.70611095428467,1717
141.91950392723083,1981
142.02394485473633,1829
142.12789797782898,1636
142.23239707946777,1681
142.33669710159302,1702
142.44118881225586,1713
142.5456199645996,1715
142.65015387535095,1715
142.7546308040619,1727
142.85912704467773,1723
142.96361899375916,1714
142.96364402770996,1709
143.06827807426453,1701
143.17297315597534,1702
143.27757906913757,1703
143.3820948600769,1703
143.48622584342957,1970
143.69450187683105,1889
143.79901790618896,1679
143.90333199501038,1741
144.00845909118652,1754
144.11224603652954,1766
144.216050863266,1770
144.32065415382385,1772
144.42503809928894,1769
144.42506003379822,1774
144.52879214286804,1773
144.63348412513733,1773
144.73772382736206,1773
144.84205174446106,1773
144.9466519355774,1777
145.05141711235046,1782
145.15581107139587,2032
145.3630609512329,1926
145.46720480918884,1697
145.5713119506836,1750
145.67596006393433,1765
145.77971291542053,1770
145.8843231201172,1775
145.988872051239,1769
146.09337902069092,1783
146.0934557914734,1769
146.19800806045532,1766
146.30229783058167,1764
146.4067440032959,1762
146.5109989643097,1757
146.61584782600403,1764
146.71985697746277,1752
146.8244490623474,2014
147.03337407112122,1872
147.1379578113556,1675
147.24251079559326,1715
147.3463728427887,1739
147.45119214057922,1744
147.55572986602783,1743
147.5557520389557,1745
147.66022300720215,1749
147.7644259929657,1754
147.86899590492249,1750
147.97350001335144,1755
148.07761788368225,1741
148.1819450855255,1751
148.28588700294495,1748
148.3896188735962,1749
148.49420189857483,2022
148.70255589485168,1911
148.8070011138916,1680
148.9108669757843,1729
149.01489996910095,1747
149.11916589736938,1754
149.22356295585632,1755
149.22358894348145,1757
149.3276491165161,1753
149.4321768283844,1765
149.53645277023315,1755
149.64100790023804,1748
149.74536395072937,1761
149.8497998714447,1759
149.95427799224854,1758
150.05866289138794,1763
150.16255593299866,2025
150.3712818622589,1903
150.47600197792053,1685
150.58067512512207,1731
150.68568396568298,1764
150.68570804595947,1757
150.79022216796875,1770
150.89425897598267,1762
150.99815702438354,1766
151.10259580612183,1773
151.2071750164032,1768
151.31082701683044,1766
151.41535592079163,1767
151.51975989341736,1763
151.6234040260315,1767
151.72746300697327,1764
151.83246111869812,2001
152.0409059524536,1908
152.14531207084656,1705
152.24973106384277,1742
152.3542730808258,1761
152.35429406166077,1767
152.4588429927826,1769
152.56368112564087,1769
152.66828894615173,1774
152.7728750705719,1774
152.8773980140686,1782
152.9819450378418,1777
153.08632898330688,1780
153.19001984596252,1768
153.2941598892212,1765
153.3977780342102,1770
153.5021471977234,2035
153.71072387695312,1916
153.81555891036987,1700
153.81557989120483,1748
153.9203178882599,1770
154.02486515045166,1770
154.12888097763062,1779
154.23329496383667,1778
154.33774399757385,1780
154.4420428276062,1782
154.5460660457611,1776
154.65073108673096,1782
154.75525617599487,1777
154.85974287986755,1777
154.96383905410767,1777
155.06839394569397,1778
155.17284679412842,2042
155.37990880012512,1927
155.37993097305298,1699
155.48442602157593,1755
155.58872604370117,1770
155.69305396080017,1777
155.79759907722473,1780
155.90193009376526,1781
156.006609916687,1780
156.1106150150299,1778
156.2139070034027,1770
156.31833505630493,1776
156.4228858947754,1787
156.52718806266785,1781
156.63151097297668,1786
156.7356448173523,1783
156.8398721218109,2036
157.04858708381653,1930
157.0486180782318,1721
157.15242505073547,1768
157.25700187683105,1794
157.3606939315796,1793
157.4652578830719,1792
157.56902718544006,1791
157.67328310012817,1784
157.77729296684265,1779
157.8819830417633,1777
157.98572182655334,1773
158.089035987854,1771
158.1951060295105,1769
158.30038189888,1777
158.4040961265564,1769
158.50842905044556,2008
158.61261701583862,1928
158.71722197532654,1702
158.82174277305603,1744
158.9264259338379,1762
159.03115606307983,1768
159.1357090473175,1766
159.24024510383606,1771
159.34424591064453,1771
159.4487600326538,1780
159.55280303955078,1773
159.65720510482788,1766
159.76166701316833,1775
159.86612796783447,1780
159.97047877311707,1771
160.07495594024658,1772
160.17935800552368,2043
160.28399300575256,1907
160.38830590248108,1709
160.49270391464233,1754
160.59690189361572,1765
160.70068097114563,1776
160.80517721176147,1776
160.90959692001343,1773
161.01400709152222,1775
161.1184000968933,1775
161.22281694412231,1773
161.3272168636322,1777
161.43086290359497,1769
161.53527307510376,1771
161.6396780014038,1770
161.74389719963074,1757
161.8476369380951,2003
161.95216584205627,1918
162.0566370487213,1692
162.16045808792114,1739
162.26476120948792,1748
162.36890292167664,1756
162.47329211235046,1762
162.5771987438202,1762
162.68174004554749,1761
162.78604793548584,1763
162.89053797721863,1776
162.99490213394165,1779
163.09897589683533,1778
163.20315384864807,1784
163.30747485160828,1776
163.41152215003967,1775
163.5162320137024,2021
163.61984992027283,1904
163.72428798675537,1697
163.82813501358032,1752
163.93258905410767,1765
164.03647899627686,1767
164.1409411430359,1772
164.2453260421753,1769
164.3489191532135,1772
164.45314192771912,1775
164.55763792991638,1775
164.66215991973877,1783
164.76663303375244,1774
164.8711748123169,1775
164.9754340648651,1773
165.07997393608093,1771
165.18442797660828,2032
165.2890019416809,1907
165.3936629295349,1704
165.4983150959015,1748
165.60263395309448,1767
165.70712995529175,1772
165.8115839958191,1775
165.9160599708557,1776
166.0205078125,1774
166.12479496002197,1779
166.2290539741516,1777
166.33393096923828,1775
166.43840885162354,1774
166.5429151058197,1781
166.64744305610657,1776
166.75091314315796,1777
166.85526704788208,2013
166.95951104164124,1927
167.06393599510193,1701
167.16836881637573,1749
167.27281212806702,1766
167.37694096565247,1775
167.4809889793396,1781
167.58532190322876,1774
167.68978095054626,1780
167.79367804527283,1774
167.89799094200134,1779
168.00202298164368,1777
168.10618090629578,1773
168.21024990081787,1782
168.3142750263214,1783
168.4185929298401,1775
168.52284121513367,2053
168.62699699401855,1936
168.73130297660828,1709
168.83531498908997,1752
168.93980598449707,1770
169.04369401931763,1777
169.1481809616089,1783
169.2519507408142,1784
169.35643076896667,1779
169.46030592918396,1782
169.5648021697998,1785
169.6686987876892,1781
169.77312898635864,1779
169.87693119049072,1784
169.9808440208435,1778
170.08524179458618,1777
170.1899609565735,2029
170.2935791015625,1925
170.39743995666504,1707
170.50188994407654,1760
170.60634088516235,1771
170.71026396751404,1779
170.81484293937683,1780
170.91901803016663,1782
171.0231409072876,1782
171.12676310539246,1781
171.23028898239136,1781
171.33434796333313,1783
171.43839597702026,1781
171.5424268245697,1781
171.64653897285461,1784
171.75021481513977,1781
171.85460305213928,2052
171.95879101753235,1926
172.06291508674622,1711
172.16685104370117,1757
172.2709939479828,1779
172.3750569820404,1784
172.47917103767395,1784
172.58330297470093,1787
172.68744087219238,1786
172.79176807403564,1784
172.89628291130066,1789
173.00043177604675,1787
173.10475897789001,1788
173.2090139389038,1789
173.3131787776947,1789
173.41750812530518,1789
173.52207589149475,2080
173.62660884857178,1937
173.73044776916504,1711
173.83501482009888,1768
173.93963599205017,1782
174.04347395896912,1786
174.14753890037537,1786
174.251699924469,1792
174.35615801811218,1793
174.46010899543762,1793
174.56466102600098,1794
174.66847395896912,1790
174.7729959487915,1795
174.8767590522766,1795
174.9810860157013,1788
175.08509492874146,1798
175.1895308494568,2031
175.2933509349823,1922
175.39726281166077,1727
175.5017328262329,1763
175.60626792907715,1785
175.71009993553162,1791
175.81460189819336,1789
175.9184639453888,1794
176.02294397354126,1794
176.12671995162964,1795
176.23131704330444,1792
176.33510994911194,1795
176.4397168159485,1799
176.54328799247742,1790
176.64759802818298,1790
176.7517387866974,1791
176.85628485679626,2066
176.96003985404968,1935
177.0645489692688,1721
177.16828393936157,1767
177.27274298667908,1771
177.37674403190613,1793
177.48115301132202,1790
177.58493208885193,1792
177.6892650127411,1797
177.7932689189911,1799
177.89774107933044,1799
178.0017008781433,1801
178.10630702972412,1799
178.21000981330872,1792
178.31456208229065,1796
178.4183270931244,1799
178.52276396751404,2063
178.62658596038818,1942
178.73092794418335,1719
178.83494997024536,1780
178.93909001350403,1798
179.04331588745117,1796
179.14786195755005,1802
179.2516040802002,1795
179.35607981681824,1805
179.4599471092224,1802
179.5644989013672,1807
179.66830706596375,1801
179.77287101745605,1805
179.8766269683838,1804
179.98117208480835,1807
180.0849359035492,1803
180.18939185142517,2074
180.29329586029053,1926
180.39705181121826,1726
180.50141286849976,1779
180.60593700408936,1794
180.70990586280823,1801
180.8138129711151,1808
180.91824412345886,1806
181.02263879776,1808
181.12656497955322,1804
181.23114705085754,1807
181.33496189117432,1800
181.43939900398254,1804
181.54314804077148,1806
181.64749598503113,1808
181.75159883499146,1804
181.85611295700073,2072
181.95986700057983,1947
182.0645399093628,1725
182.16822814941406,1781
182.27273201942444,1798
182.37648797035217,1806
182.48096203804016,1807
182.58480095863342,1808
182.68920493125916,1811
182.79310274124146,1807
182.89730191230774,1807
183.00145316123962,1805
183.10584712028503,1810
183.20983600616455,1800
183.31433391571045,1807
183.41819095611572,1806
183.52272415161133,2064
183.62649703025818,1951
183.73021006584167,1725
183.83460783958435,1766
183.93893098831177,1786
184.04314398765564,1791
184.1476480960846,1790
184.25143885612488,1789
184.35582280158997,1779
184.4597189426422,1780
184.56412386894226,1782
184.66810297966003,1784
184.7724621295929,1779
184.87637615203857,1777
184.98078203201294,1782
185.08480787277222,1783
185.18926906585693,2042
185.29308485984802,1919
185.39690709114075,1703
185.5014510154724,1755
185.60597205162048,1773
185.70973205566406,1781
185.8142831325531,1773
185.91810202598572,1784
186.02263498306274,1790
186.126403093338,1790
186.23085188865662,1788
186.3347430229187,1786
186.43926978111267,1790
186.54296612739563,1788
186.6469008922577,1782
186.75137305259705,1790
186.85572409629822,2058
186.95969104766846,1939
187.0641279220581,1718
187.16815209388733,1765
187.27266693115234,1786
187.3763689994812,1788
187.4809217453003,1787
187.58473896980286,1793
187.689208984375,1786
187.79303193092346,1792
187.89746499061584,1791
188.00128388404846,1794
188.10572504997253,1792
188.20959305763245,1794
188.31403708457947,1790
188.41804695129395,1797
188.5225269794464,2042
188.62631702423096,1920
188.73086214065552,1724
188.8346791267395,1769
188.93927884101868,1783
189.04297804832458,1793
189.1474928855896,1795
189.2512710094452,1792
189.35587000846863,1796
189.459566116333,1803
189.56405782699585,1794
189.66792702674866,1798
189.77254986763,1796
189.87629389762878,1800
189.9808189868927,1795
189.9808430671692,1794
190.18909907341003,2061
190.2928478717804,1925
190.39667987823486,1723
190.5011420249939,1773
190.60558581352234,1790
190.7094850540161,1794
190.81367874145508,1797
190.9179630279541,1796
191.02246713638306,1797
191.12617301940918,1803
191.23168206214905,1789
191.33635091781616,1804
191.44086718559265,1798
191.54532599449158,1801
191.5453519821167,1801
191.64983892440796,1799
191.85893297195435,2065
191.9635021686554,1947
192.0677740573883,1726
192.17207193374634,1775
192.276202917099,1793
192.38083791732788,1801
192.48452997207642,1803
192.58907389640808,1801
192.6928789615631,1803
192.79650211334229,1798
192.90088510513306,1802
193.00555396080017,1799
193.1094310283661,1799
193.10945415496826,1810
193.21380496025085,1801
193.31780409812927,1801
193.5261571407318,2068
193.63035893440247,1950
193.73456406593323,1723
193.83909702301025,1775
193.9428379535675,1791
194.04731798171997,1799
194.15117001533508,1801
194.25571393966675,1799
194.35946488380432,1805
194.46401596069336,1805
194.56784582138062,1803
194.6723358631134,1801
194.77611184120178,1798
194.7761390209198,1796
194.880695104599,1805
194.98438501358032,1806
195.19279217720032,2075
195.29732990264893,1961
195.40109181404114,1725
195.50559902191162,1772
195.6094138622284,1797
195.71395683288574,1799
195.81827902793884,1804
195.92267489433289,1809
196.02708196640015,1802
196.13190603256226,1805
196.2364490032196,1809
196.3408808708191,1802
196.34090280532837,1805
196.44441604614258,1804
196.54886412620544,1807
196.6532289981842,1806
196.75773286819458,2043
196.96691799163818,1949
197.0714340209961,1725
197.17588901519775,1778
197.2803430557251,1794
197.38438892364502,1802
197.48901391029358,1807
197.5926640033722,1807
197.6969747543335,1802
197.8010277748108,1801
197.90545988082886,1802
197.90548515319824,1805
198.00934290885925,1805
198.1139259338379,1798
198.2175648212433,1806
198.32201099395752,1811
198.42592096328735,2076
198.63422012329102,1928
198.73845410346985,1729
198.84264612197876,1782
198.9471960067749,1798
199.05105090141296,1802
199.15547800064087,1801
199.25929284095764,1803
199.36383485794067,1813
199.46819496154785,1807
199.57250308990479,1811
199.57252407073975,1797
199.67597484588623,1809
199.7805938720703,1811
199.8847930431366,1811
199.98917508125305,1808
200.09368991851807,2072
200.30270910263062,1944
200.40714693069458,1732
200.51157879829407,1782
200.61611700057983,1803
200.720694065094,1807
200.82530903816223,1812
200.92977213859558,1812
201.03410577774048,1812
201.03412795066833,1813
201.1384220123291,1809
201.24250507354736,1813
201.34679889678955,1810
201.45087480545044,1812
201.55540895462036,1804
201.65915894508362,1809
201.76365685462952,2085
201.97194385528564,1970
202.07579398155212,1739
202.1802339553833,1780
202.2842869758606,1803
202.38883090019226,1808
202.49254608154297,1813
202.5961229801178,1810
202.70019102096558,1811
202.70021295547485,1811
202.80472993850708,1812
202.90918707847595,1819
203.01365208625793,1811
203.1174430847168,1817
203.2218840122223,1814
203.32577109336853,1812
203.43016695976257,2078
203.6382758617401,1936
203.74240589141846,1740
203.8468108177185,1787
203.9508249759674,1802
204.0553798675537,1810
204.15914177894592,1812
204.26366591453552,1818
204.3674509525299,1818
204.3674750328064,1813
204.47162079811096,1819
204.57583594322205,1816
204.68043184280396,1818
204.78414297103882,1821
204.88874912261963,1819
204.992369890213,1822
205.09687399864197,2075
205.30506300926208,1934
205.40909600257874,1737
205.51359009742737,1793
205.61739492416382,1803
205.72183084487915,1817
205.82574796676636,1822
205.93025994300842,1816
205.9302830696106,1816
206.03404903411865,1819
206.13866591453552,1819
206.24234700202942,1812
206.34637808799744,1822
206.4507200717926,1817
206.55535006523132,1816
206.65904784202576,1816
206.76363897323608,2064
206.9718599319458,1959
207.07570576667786,1745
207.1803159713745,1797
207.28452897071838,1811
207.3881778717041,1812
207.49226093292236,1822
207.5960659980774,1820
207.5960898399353,1820
207.70052981376648,1812
207.80484676361084,1819
207.909038066864,1822
208.01381087303162,1823
208.11784386634827,1828
208.2215039730072,1826
208.3255889415741,1825
208.42999815940857,2086
208.63824892044067,1970
208.74226307868958,1743
208.84661602973938,1794
208.9506640434265,1809
209.0549829006195,1817
209.15889596939087,1819
209.15891790390015,1829
209.26339983940125,1823
209.3678011894226,1823
209.47226190567017,1831
209.57675909996033,1825
209.68128490447998,1822
209.78495478630066,1821
209.8893780708313,1820
209.99385499954224,1820
210.0981571674347,2068
210.30604195594788,1961
210.41006994247437,1745
210.5148069858551,1797
210.61930894851685,1816
210.72363018989563,1818
210.82817578315735,1820
210.82819986343384,1823
210.93284797668457,1818
211.0374448299408,1820
211.14189291000366,1820
211.24662399291992,1822
211.35111713409424,1821
211.4557740688324,1817
211.56014394760132,1816
211.66457080841064,1816
211.76893591880798,2074
211.97784996032715,1961
212.08225679397583,1746
212.18671107292175,1797
212.29112100601196,1811
212.29114603996277,1819
212.39577078819275,1819
212.50028705596924,1823
212.60496592521667,1821
212.7087860107422,1820
212.81345582008362,1824
212.91768407821655,1822
213.02222108840942,1822
213.12674498558044,1817
213.2305850982666,1822
213.33434200286865,1821
213.43820190429688,2078
213.64636278152466,1966
213.75048899650574,1741
213.85492515563965,1790
213.8549449443817,1811
213.95871806144714,1824
214.06285691261292,1818
214.16709208488464,1820
214.27132892608643,1821
214.37533688545227,1822
214.479749917984,1824
214.58388686180115,1822
214.6883840560913,1820
214.79211282730103,1821
214.89665579795837,1824
215.00052785873413,1823
215.105064868927,2081
215.31319403648376,1966
215.4171359539032,1748
215.52138590812683,1797
215.521409034729,1814
215.62538599967957,1821
215.7297580242157,1824
215.83379697799683,1825
215.93825006484985,1825
216.04196095466614,1822
216.14609479904175,1824
216.25026988983154,1822
216.3547887802124,1822
216.45873403549194,1826
216.56321907043457,1822
216.66717386245728,1822
216.77168989181519,2063
216.9798879623413,1937
217.08376502990723,1746
217.0837869644165,1793
217.18832206726074,1810
217.292053937912,1817
217.39552211761475,1820
217.50021886825562,1822
217.60489916801453,1825
217.70869398117065,1823
217.81315088272095,1819
217.91715002059937,1820
218.02166891098022,1818
218.12534308433533,1820
218.22889804840088,1825
218.33333611488342,1820
218.43795585632324,2084
218.64649200439453,1948
218.75046396255493,1744
218.75048995018005,1794
218.85482907295227,1816
218.95863699913025,1814
219.06319785118103,1819
219.16702485084534,1825
219.27140617370605,1820
219.37523579597473,1821
219.47915506362915,1817
219.58366584777832,1824
219.68752098083496,1820
219.79187417030334,1822
219.89627289772034,1824
220.00043296813965,1828
220.10497903823853,2086
220.31309175491333,1967
220.41710901260376,1737
220.4171290397644,1798
220.5213429927826,1815
220.6253161430359,1823
220.729731798172,1823
220.83369708061218,1828
220.93816494941711,1817
221.0419180393219,1822
221.14643001556396,1818
221.2502851486206,1822
221.35466814041138,1830
221.45844411849976,1826
221.5630979537964,1824
221.667062997818,1825
221.77328491210938,2058
221.98303198814392,1959
221.98305797576904,1743
222.08768892288208,1800
222.19189715385437,1815
222.2964789867401,1823
222.40034580230713,1829
222.50482511520386,1823
222.60845279693604,1826
222.71292281150818,1824
222.81698298454285,1826
222.92153596878052,1825
223.02520394325256,1828
223.12975478172302,1829
223.23364400863647,1825
223.33829712867737,1829
223.4418318271637,2071
223.54646492004395,1965
223.65027618408203,1751
223.75410199165344,1799
223.8584439754486,1820
223.96295881271362,1828
224.0669240951538,1827
224.17138576507568,1828
224.27515506744385,1830
224.37963390350342,1826
224.4835169315338,1825
224.58783102035522,1826
224.69169902801514,1827
224.79528188705444,1832
224.8996479511261,1832
225.00405597686768,1827
225.10835790634155,2080
225.2127389907837,1980
225.31683897972107,1747
225.4212601184845,1812
225.52501606941223,1816
225.62943482398987,1824
225.73355293273926,1829
225.83813309669495,1823
225.94280099868774,1824
226.04745197296143,1830
226.15208387374878,1831
226.25638794898987,1834
226.36095094680786,1830
226.46561694145203,1829
226.56997299194336,1820
226.67455792427063,1830
226.77907991409302,2090
226.8834969997406,1973
226.9879491329193,1750
227.09171509742737,1799
227.1962649822235,1818
227.30059599876404,1824
227.4051389694214,1826
227.50954914093018,1830
227.61353492736816,1829
227.71719193458557,1833
227.82150101661682,1828
227.9260711669922,1835
228.03076601028442,1824
228.13518905639648,1822
228.23987007141113,1828
228.34442710876465,1826
228.44871401786804,2094
228.55321097373962,1976
228.65710997581482,1744
228.7606909275055,1801
228.86523604393005,1813
228.96875095367432,1819
229.07314205169678,1832
229.1777698993683,1824
229.28225898742676,1820
229.3868899345398,1824
229.4914150238037,1820
229.59594798088074,1812
229.70001578330994,1819
229.80445098876953,1818
229.90822291374207,1820
230.01276993751526,1819
230.11670875549316,2054
230.2211709022522,1965
230.32491898536682,1740
230.42856192588806,1797
230.5323348045349,1805
230.63692116737366,1813
230.7413399219513,1817
230.84578680992126,1808
230.94999504089355,1814
231.05420112609863,1816
231.15816807746887,1802
231.2622389793396,1800
231.3666479587555,1806
231.47115182876587,1802
231.57493782043457,1806
231.6795620918274,1813
231.78374981880188,2035
231.88886499404907,1948
231.99418902397156,1730
232.09829092025757,1773
232.20277309417725,1802
232.30733394622803,1801
232.41178488731384,1808
232.51622986793518,1804
232.62066411972046,1803
232.72482800483704,1810
232.82924604415894,1807
232.933678150177,1807
233.03838109970093,1807
233.1425359249115,1808
233.24738788604736,1814
233.35208797454834,1812
233.45662593841553,2079
233.56125378608704,1939
233.66584300994873,1733
233.77035808563232,1782
233.87476301193237,1799
233.97908902168274,1811
234.08328986167908,1805
234.18774819374084,1813
234.29137420654297,1807
234.39616990089417,1805
234.50029277801514,1812
234.60512900352478,1815
234.7092249393463,1817
234.81388902664185,1809
234.9183440208435,1818
235.0227119922638,1814
235.12655901908875,2063
235.23083019256592,1937
235.3351719379425,1734
235.43958711624146,1788
235.5440080165863,1803
235.64847111701965,1815
235.75274300575256,1814
235.85692691802979,1816
235.96134781837463,1814
236.06584978103638,1810
236.1703119277954,1815
236.27467894554138,1814
236.37947607040405,1812
236.48356199264526,1817
236.5879828929901,1814
236.69266510009766,1815
236.79741215705872,2053
236.9019148349762,1959
237.00585913658142,1741
237.11043310165405,1791
237.2152168750763,1802
237.3198869228363,1811
237.42475080490112,1819
237.53009009361267,1823
237.63471579551697,1815
237.739355802536,1819
237.8439700603485,1817
237.94849109649658,1813
238.0530560016632,1819
238.15677213668823,1815
238.2613229751587,1818
238.36601185798645,1814
238.47026681900024,2060
238.57459592819214,1929
238.6790268421173,1743
238.78488087654114,1790
238.89135313034058,1807
238.99552392959595,1814
239.10016894340515,1816
239.20479583740234,1819
239.30898094177246,1821
239.41348791122437,1812
239.51802492141724,1819
239.62250804901123,1817
239.72697281837463,1821
239.83162593841553,1814
239.83165097236633,1817
239.93615102767944,1817
240.1450171470642,2058
240.2495219707489,1965
240.35402703285217,1739
240.45784997940063,1792
240.56222009658813,1812
240.6663041114807,1818
240.77065896987915,1822
240.87562084197998,1812
240.9803740978241,1819
241.0849678516388,1820
241.18922901153564,1823
241.29364204406738,1820
241.29366493225098,1824
241.3981020450592,1820
241.50249600410461,1817
241.6070761680603,1821
241.71121788024902,2057
241.9187457561493,1948
242.02330493927002,1752
242.12854886054993,1794
242.23297476768494,1806
242.33747100830078,1813
242.4411678314209,1822
242.54741883277893,1826
242.65670084953308,1824
242.76220297813416,1820
242.76222586631775,1824
242.86637902259827,1820
242.9712619781494,1818
243.0757031440735,1817
243.1797890663147,1816
243.28406715393066,1822
243.38852787017822,2058
243.59673404693604,1980
243.70084190368652,1745
243.80518507957458,1789
243.90962195396423,1810
244.01401495933533,1822
244.1184220314026,1818
244.22277188301086,1819
244.3273160457611,1824
244.32733798027039,1824
244.4318699836731,1819
244.53637719154358,1817
244.6407458782196,1823
244.74519085884094,1819
244.8495659828186,1823
244.953617811203,1821
245.0577359199524,2056
245.26662302017212,1948
245.3712158203125,1739
245.47548913955688,1793
245.57995080947876,1810
245.68472695350647,1823
245.7895119190216,1816
245.7895359992981,1822
245.8940098285675,1825
245.99843883514404,1817
246.1029188632965,1817
246.2073290348053,1821
246.31102395057678,1820
246.41534113883972,1821
246.51988005638123,1819
246.62437987327576,1818
246.72921919822693,2070
246.93778204917908,1968
247.0420639514923,1746
247.14661502838135,1791
247.25112509727478,1816
247.3554289340973,1820
247.3554539680481,1828
247.46031379699707,1822
247.5651159286499,1823
247.6695020198822,1820
247.7736268043518,1826
247.87840008735657,1821
247.98283076286316,1823
248.08737993240356,1825
248.19089198112488,1830
248.29553413391113,1822
248.39992594718933,2051
248.60916090011597,1938
248.71366786956787,1740
248.8183298110962,1802
248.81835198402405,1812
248.92285585403442,1827
249.02729606628418,1829
249.13179898262024,1824
249.23572778701782,1824
249.34015893936157,1825
249.4436559677124,1822
249.54808497428894,1828
249.65264701843262,1828
249.75632095336914,1824
249.86075711250305,1833
249.96521186828613,1825
250.06982707977295,2072
250.27883076667786,1977
250.38311982154846,1748
250.38314199447632,1792
250.48759508132935,1812
250.59201407432556,1825
250.69653701782227,1819
250.80086994171143,1817
250.90531516075134,1825
251.00972604751587,1823
251.11408400535583,1818
251.21842885017395,1817
251.32291293144226,1824
251.42739415168762,1823
251.53106689453125,1823
251.63530492782593,1819
251.73975086212158,2041
251.94787788391113,1942
251.94790291786194,1743
252.05251789093018,1791
252.1571741104126,1812
252.26182103157043,1819
252.36641478538513,1825
252.47058415412903,1822
252.57558798789978,1819
252.68025302886963,1818
252.78481578826904,1822
252.88940382003784,1814
252.99332785606384,1823
253.09750390052795,1822
253.20196104049683,1826
253.30568504333496,1822
253.40995621681213,2063
253.51439595222473,1946
253.6188747882843,1761
253.72333598136902,1794
253.82789707183838,1815
253.93158197402954,1818
254.03608989715576,1824
254.140643119812,1829
254.2452039718628,1824
254.3493139743805,1824
254.45367193222046,1825
254.5573718547821,1826
254.66255903244019,1834
254.7670600414276,1826
254.87189507484436,1827
254.9782588481903,1823
255.08624696731567,2094
255.19727110862732,1959
255.37316513061523,1746
255.4855601787567,1804
255.4856240749359,1821
255.59134006500244,1826
255.6956090927124,1833
255.80022406578064,1827
255.90459299087524,1828
256.00860595703125,1832
256.113000869751,1832
256.21734595298767,1834
256.3218240737915,1831
256.4262390136719,1831
256.5307819843292,1828
256.6345841884613,1828
256.7391290664673,2086
256.94737100601196,1942
256.9473967552185,1753
257.05147194862366,1806
257.15608978271484,1824
257.2605969905853,1828
257.36511492729187,1826
257.4694859981537,1838
257.57387590408325,1832
257.6780731678009,1833
257.7815170288086,1825
257.88625597953796,1837
257.99399614334106,1830
258.09897089004517,1828
258.20358991622925,1831
258.3073949813843,1835
258.41138100624084,2075
258.5158178806305,1967
258.6201767921448,1759
258.7257149219513,1806
258.8303339481354,1825
258.93479895591736,1832
259.0391719341278,1834
259.1439709663391,1834
259.24854707717896,1835
259.3531677722931,1834
259.4572489261627,1837
259.561891078949,1835
259.66580295562744,1837
259.77083802223206,1838
259.87521409988403,1836
259.979700088501,1835
260.0841670036316,2088
260.18777990341187,1962
260.29183888435364,1759
260.39647793769836,1806
260.5029230117798,1821
260.60731387138367,1821
260.71403074264526,1825
260.8194479942322,1827
260.92383790016174,1823
261.0280771255493,1822
261.1323709487915,1819
261.23714208602905,1817
261.34077501296997,1813
261.4466550350189,1811
261.5517840385437,1819
261.655877828598,1814
261.7605309486389,2073
261.8654029369354,1930
261.9700720310211,1733
262.07398200035095,1791
262.1790180206299,1815
262.2840759754181,1816
262.3889698982239,1816
262.49399495124817,1810
262.59864497184753,1816
262.70347690582275,1813
262.80816197395325,1812
262.9126121997833,1818
263.01708793640137,1820
263.12194299697876,1820
263.22591376304626,1822
263.3305859565735,1812
263.4350199699402,2059
263.53971791267395,1956
263.643718957901,1749
263.7480890750885,1793
263.85274600982666,1818
263.95708894729614,1823
264.0610671043396,1824
264.1655580997467,1822
264.27019691467285,1825
264.37485909461975,1825
264.47894406318665,1820
264.58265805244446,1828
264.6874418258667,1827
264.7931408882141,1822
264.89758491516113,1830
265.00129413604736,1829
265.1058418750763,2090
265.21055603027344,1965
265.31505489349365,1762
265.42084312438965,1803
265.52539587020874,1818
265.6299169063568,1820
265.734503030777,1830
265.8380880355835,1827
265.9424660205841,1833
266.04704689979553,1830
266.151624917984,1832
266.25569796562195,1838
266.3599600791931,1830
266.46464800834656,1837
266.5691559314728,1831
266.56917786598206,1835
266.77764415740967,2079
266.8821167945862,1965
266.98646807670593,1762
267.09030985832214,1807
267.1948359012604,1820
267.29928612709045,1827
267.4037640094757,1837
267.5081789493561,1833
267.61285185813904,1831
267.7173798084259,1837
267.8219771385193,1834
267.9262590408325,1840
268.0307080745697,1836
268.1351900100708,1836
268.1352119445801,1831
268.23975801467896,1837
268.44844007492065,2051
268.55328702926636,1996
268.6569678783417,1760
268.76106095314026,1804
268.8653371334076,1827
268.9698700904846,1841
269.07361698150635,1840
269.17804503440857,1839
269.2821409702301,1836
269.38620114326477,1846
269.4902410507202,1841
269.59475207328796,1845
269.6991789340973,1843
269.69920110702515,1843
269.8036699295044,1842
269.9080331325531,1848
270.1182758808136,2080
270.2216670513153,1942
270.32648181915283,1764
270.4310359954834,1815
270.53567481040955,1841
270.6401958465576,1840
270.74475288391113,1836
270.84919810295105,1851
270.9527060985565,1843
271.05687713623047,1834
271.16110706329346,1842
271.26526379585266,1847
271.2652859687805,1849
271.3696219921112,1843
271.4735219478607,1845
271.57798194885254,1839
271.6824109554291,2100
271.89057207107544,1970
271.99430084228516,1765
272.0985429286957,1819
272.20309495925903,1834
272.30783009529114,1839
272.41238808631897,1847
272.5168089866638,1855
272.6213581562042,1843
272.7258069515228,1851
272.83035802841187,1842
272.83037996292114,1843
272.93462204933167,1846
273.0381669998169,1840
273.14261293411255,1845
273.24700117111206,1844
273.35145711898804,2094
273.559996843338,1983
273.66441917419434,1764
273.7688059806824,1822
273.87336897850037,1836
273.9778051376343,1853
274.0819249153137,1844
274.18629717826843,1844
274.29005193710327,1847
274.3945631980896,1849
274.39458990097046,1847
274.498507976532,1846
274.6030168533325,1845
274.7067070007324,1847
274.8115429878235,1853
274.915620803833,1850
275.01998496055603,2084
275.22918796539307,2003
275.3337321281433,1782
275.4381699562073,1823
275.5428240299225,1842
275.6473619937897,1849
275.75186681747437,1850
275.8553149700165,1847
275.959801197052,1851
275.95982599258423,1852
276.0649857521057,1847
276.1686589717865,1851
276.27357482910156,1849
276.384565114975,1850
276.48878383636475,1851
276.593327999115,1850
276.698175907135,2098
276.9065930843353,1963
277.0102210044861,1774
277.1143560409546,1824
277.21860003471375,1848
277.3222658634186,1849
277.32228684425354,1850
277.427227973938,1851
277.5317430496216,1853
277.63704919815063,1854
277.7411210536957,1860
277.84583711624146,1854
277.9504590034485,1859
278.0550470352173,1857
278.1597318649292,1858
278.2639968395233,1849
278.3685140609741,2112
278.5776000022888,1968
278.68167877197266,1784
278.78631806373596,1830
278.89052391052246,1843
278.89054703712463,1852
278.9950978755951,1848
279.10011196136475,1856
279.2047669887543,1856
279.3096351623535,1856
279.41432094573975,1857
279.5189130306244,1854
279.6232268810272,1855
279.72809505462646,1856
279.83321499824524,1858
279.93766593933105,1860
280.0414819717407,2122
280.2510988712311,1999
280.3552451133728,1781
280.3552689552307,1828
280.458890914917,1853
280.5634398460388,1855
280.66807293891907,1853
280.7725598812103,1857
280.8776671886444,1860
280.98212599754333,1857
281.08660674095154,1866
281.19114899635315,1859
281.29640913009644,1858
281.40095114707947,1860
281.5056219100952,1859
281.61589002609253,1856
281.72032594680786,2104
281.8244318962097,1993
281.9292070865631,1781
282.0337269306183,1834
282.138365983963,1851
282.2424488067627,1854
282.34739899635315,1858
282.45213294029236,1865
282.55642914772034,1851
282.66055512428284,1860
282.76485776901245,1856
282.8692009449005,1865
282.9731149673462,1853
283.0775318145752,1855
283.18154191970825,1862
283.2859778404236,1859
283.3897819519043,2103
283.49422907829285,1991
283.5987980365753,1787
283.7032399177551,1825
283.807737827301,1848
283.91219782829285,1864
284.01664686203003,1864
284.1212999820709,1857
284.2257080078125,1860
284.3301360607147,1859
284.4348359107971,1859
284.53937792778015,1854
284.6438729763031,1859
284.748263835907,1860
284.8529169559479,1860
284.9564878940582,1858
285.06111788749695,2096
285.16530299186707,1995
285.26976799964905,1785
285.3741979598999,1834
285.4782440662384,1849
285.5819499492645,1856
285.6863281726837,1855
285.7907729148865,1856
285.8953127861023,1857
285.99968004226685,1859
286.1040439605713,1857
286.20785307884216,1856
286.31220293045044,1854
286.41650891304016,1862
286.521005153656,1856
286.6245958805084,1852
286.72908902168274,2101
286.83326387405396,1975
286.93780994415283,1779
287.0417649745941,1830
287.146164894104,1848
287.25060510635376,1852
287.35448598861694,1849
287.45890402793884,1855
287.56347489356995,1858
287.6679689884186,1856
287.7724800109863,1857
287.8768298625946,1854
287.98127794265747,1854
288.0856149196625,1849
288.1895899772644,1849
288.293958902359,1852
288.3980669975281,2085
288.50263500213623,2013
288.6063380241394,1767
288.71081805229187,1824
288.8148250579834,1843
288.91922998428345,1822
289.02291202545166,1784
289.1269030570984,1755
289.23812103271484,1740
289.34162998199463,1740
289.4451599121094,1780
289.5484628677368,1829
289.6527318954468,1850
289.75738501548767,1849
289.86112213134766,1852
289.9651389122009,1849
290.069540977478,2109
290.17285084724426,1975
290.27673077583313,1778
290.3803651332855,1824
290.4843578338623,1847
290.5882320404053,1848
290.69195795059204,1846
290.7961678504944,1856
290.90032482147217,1846
