Time (s),GSR Value
0.0001659393310546,451.0
0.20023233688238887,551.7602718874001
0.4002987344337231,578.3388342458951
0.6003651319850574,559.0
0.8004315295363916,491.0636572613214
1.000497927087726,454.39106775462665
1.2005643246390603,450.0
1.4006307221903946,453.1426955773193
1.6006971197417288,455.4593912953253
1.800763517293063,456.0
2.000829914844397,449.6676667569923
2.2008963123957317,448.0857422436084
2.400962709947066,448.99526932499725
2.6010291074984,441.5558603014562
2.8010955050497346,440.0
3.0011619026010687,440.0
3.201228300152403,449.34598261082596
3.401294697703737,451.0
3.601361095255071,451.2622924042553
3.801427492806406,456.0
4.0014938903577395,456.62115333145226
4.201560287909074,458.0
4.401626685460409,458.0
4.601693083011742,453.46992949882815
4.801759480563077,450.0
5.001825878114412,449.2732993396456
5.201892275665745,441.70958060197995
5.40195867321708,432.18991024457245
5.6020250707684145,430.72603408961163
5.802091468319748,429.2003191595877
6.002157865871083,424.0
6.2022242634224165,424.0
6.402290660973751,418.7195043891625
6.602357058525086,419.42477234324855
6.802423456076419,419.6051664048253
7.002489853627754,449.3830488737395
7.202556251179088,409.0
7.402622648730422,409.639939352649
7.602689046281757,408.0
7.802755443833091,410.45358874500533
8.002821841384424,411.0
8.20288823893576,444.01259162781264
8.402954636487094,416.19479098711884
8.603021034038427,428.7864014181241
8.803087431589763,422.0542027500535
9.003153829141096,429.0
9.20322022669243,426.4336978265883
9.403286624243766,429.291729804901
9.6033530217951,430.0
9.803419419346433,431.0
10.003485816897769,431.0
10.203552214449102,458.0
10.403618612000436,447.0629148430792
10.603685009551771,459.9348043703242
10.803751407103105,470.0
11.003817804654439,467.1464887852826
11.203884202205774,455.3780735496255
11.403950599757108,476.9901246959285
11.604016997308442,487.0325201544937
11.804083394859775,552.0
12.004149792411111,519.3665892922495
12.204216189962445,472.0
12.404282587513778,482.57525852832424
12.604348985065114,468.79274843247623
12.804415382616448,476.3268740425859
13.004481780167781,482.0
13.204548177719117,482.29808995452936
13.40461457527045,508.47713323582104
13.604680972821784,547.0
13.80474737037312,490.0
14.004813767924453,473.57331709875626
14.204880165475787,490.0
14.40494656302712,482.05351565620316
14.605012960578456,479.0
14.80507935812979,471.52730935761946
15.005145755681124,479.0
15.20521215323246,499.0
15.405278550783793,481.95649062018884
15.605344948335127,476.0
15.805411345886462,513.0
16.005477743437794,510.30857006804865
16.20554414098913,492.3617977428935
16.405610538540465,479.1717263927182
16.605676936091797,481.2124497572603
16.805743333643132,527.0
17.005809731194468,527.0
17.2058761287458,474.0
17.405942526297135,522.6170825651237
17.60600892384847,526.8084010769987
17.806075321399803,502.0
18.006141718951138,505.97945054957876
18.206208116502474,525.381065321632
18.406274514053806,522.119806752225
18.60634091160514,499.75446200787525
18.806407309156477,493.0
19.00647370670781,497.0
19.206540104259144,516.5473160682294
19.40660650181048,518.0
19.60667289936181,510.6028589248147
19.806739296913147,530.0
20.006805694464482,538.0
20.206872092015814,516.0
20.40693848956715,496.85620421085684
20.607004887118485,492.0
20.807071284669817,537.0016103160843
21.007137682221153,547.4989296022269
21.207204079772488,519.5373780860702
21.40727047732382,507.1403752137678
21.607336874875156,553.4563523572173
21.80740327242649,556.0
22.007469669977823,513.1851355198211
22.20753606752916,497.53854850375245
22.407602465080494,532.0
22.607668862631826,532.0
22.80773526018316,521.0
23.007801657734493,519.6246598170965
23.20786805528583,519.0
23.407934452837164,509.4418341137679
23.608000850388496,519.6087220439304
23.80806724793983,528.0
24.008133645491167,554.0
24.2082000430425,541.0
24.408266440593835,491.0
24.60833283814517,491.6822753888599
24.808399235696502,516.0
25.008465633247837,516.5589020971299
25.208532030799173,520.0
25.408598428350505,506.5114398669582
25.60866482590184,514.9097645763133
25.808731223453176,513.0
26.008797621004508,515.4906691163036
26.208864018555843,518.0
26.40893041610718,518.0
26.60899681365851,530.3586930841029
26.809063211209846,523.0
27.00912960876118,521.667578736882
27.209196006312514,504.5791004534996
27.40926240386385,504.36283170071096
27.609328801415185,476.18334463490777
27.809395198966516,472.0
28.009461596517852,567.0
28.209527994069187,567.2572181729985
28.40959439162052,567.3785154236178
28.609660789171855,516.0254628393618
28.809727186723187,534.3402105492469
29.009793584274522,535.0
29.209859981825858,534.4970745257776
29.40992637937719,513.0
29.609992776928525,521.1038768422383
29.81005917447986,542.5973898295482
30.010125572031193,551.8169997406612
30.210191969582528,563.5733259933259
30.410258367133864,550.0
30.610324764685195,545.3305426872779
30.81039116223653,539.564829618661
31.010457559787866,532.2994677713881
31.2105239573392,533.0
31.410590354890534,550.0
31.61065675244187,550.0
31.8107231499932,521.848213824541
32.01078954754453,506.79442403976986
32.21085594509587,503.0
32.410922342647204,493.26433503686104
32.610988740198536,481.0
32.811055137749875,428.0
33.01112153530121,437.4866282454965
33.21118793285254,469.59600018806634
33.41125433040388,461.0
33.61132072795521,461.0
33.81138712550654,458.64408499111596
34.01145352305788,520.0
34.21151992060921,520.0
34.411586318160545,479.28026518081623
34.611652715711884,515.0
34.811719113263216,515.0
35.01178551081455,515.0
35.21185190836589,515.0
35.41191830591722,525.5862929455557
35.61198470346855,504.26099525338236
35.81205110101989,530.0
36.01211749857122,512.6913516793538
36.21218389612255,521.0
36.41225029367389,522.880708494285
36.612316691225224,513.823396601348
36.812383088776556,480.0
37.012449486327895,493.0
37.21251588387923,543.0356561341081
37.41258228143056,546.68949630494
37.6126486789819,493.0
37.81271507653323,485.53391930418485
38.01278147408456,493.0
38.2128478716359,484.0
38.41291426918723,483.1283576263956
38.612980666738565,464.0
38.813047064289904,475.71124100011326
39.013113461841236,480.92423490074475
39.21317985939257,482.85036131375614
39.41324625694391,488.0
39.61331265449524,488.0
39.81337905204657,481.47263411892783
40.01344544959791,444.0
40.21351184714924,480.0
40.413578244700574,493.7524571021629
40.61364464225191,500.060397422032
40.813711039803245,489.0
41.01377743735458,488.5510895578998
41.213843834905916,485.0
41.41391023245725,504.4933749331593
41.61397663000858,502.4311221018678
41.81404302755992,491.3200593407527
42.01410942511125,466.1807349065929
42.21417582266258,458.6761174129689
42.41424222021392,514.0
42.61430861776525,504.40732678591064
42.814375015316585,479.32031240688065
43.014441412867924,487.4150549484815
43.214507810419256,483.85290891371267
43.41457420797059,536.2171971919295
43.61464060552193,511.0
43.81470700307326,498.0
44.01477340062459,469.5774160851546
44.21483979817593,495.9386274311463
44.41490619572726,496.93975338680593
44.614972593278594,546.8087635032527
44.81503899082993,543.0
45.015105388381265,499.8704928004306
45.2151717859326,495.0
45.41523818348393,506.0
45.61530458103527,513.0125773290627
45.8153709785866,498.0
46.01543737613793,513.103967421899
46.21550377368927,522.0
46.4155701712406,496.41481207576595
46.615636568791935,496.770258081562
46.815702966343274,487.0
47.015769363894606,463.97424704007983
47.21583576144594,512.4822060105928
47.41590215899728,512.877584379818
47.61596855654861,474.73389177785447
47.81603495409994,468.7410140247159
48.01610135165128,464.7548712679914
48.21616774920261,462.646030298748
48.41623414675394,460.0
48.61630054430528,454.7549512924284
48.816366941856614,481.0
49.016433339407946,463.49714404986304
49.216499736959285,454.9504463969387
49.41656613451062,475.11408751725287
49.61663253206195,472.7570068428907
49.81669892961329,475.9977194857323
50.01676532716462,467.2036884485571
50.21683172471595,462.3303242864875
50.41689812226729,472.0
50.61696451981862,475.0
50.817030917369955,480.9525714778783
51.017097314921294,440.93588666571725
51.217163712472626,463.20127286503583
51.41723011002396,500.05302151325276
51.6172965075753,512.0
51.81736290512663,512.0
52.01742930267796,482.6246543109036
52.2174957002293,456.1906466956143
52.41756209778063,465.5955639392096
52.617628495331964,478.0
52.8176948928833,481.9157823237776
53.017761290434635,461.0
53.21782768798597,461.0
53.417894085537306,475.5719263080306
53.61796048308864,506.4074477111749
53.81802688063997,510.0
54.01809327819131,506.61770869724296
54.21815967574264,495.0
54.41822607329397,466.0
54.61829247084531,481.0
54.81835886839664,481.0
55.018425265947975,471.0
55.218491663499314,460.9422272780505
55.418558061050646,503.8931244043665
55.61862445860198,498.34640052166543
55.81869085615332,481.2626374789053
56.01875725370465,487.184988129452
56.21882365125598,507.0
56.41889004880732,494.53233589764767
56.61895644635865,480.0
56.819022843909984,480.0
57.01908924146132,507.0
57.219155639012655,482.0349827743841
57.41922203656399,477.3654003485222
57.61928843411532,470.0
57.81935483166666,484.0
58.01942122921799,484.91372160317735
58.21948762676932,477.4580029394556
58.41955402432066,483.60365717788864
58.61962042187199,502.13570856713727
58.819686819423325,505.48713750658095
59.019753216974664,506.51256103864444
59.219819614525996,473.70487801076433
59.41988601207733,499.91354073728394
59.61995240962867,495.0
59.82001880718,496.7344713256226
60.02008520473133,498.2532159325638
60.22015160228267,502.0
60.420217999834,502.0
60.62028439738533,453.0
60.82035079493667,474.7585775455157
61.020417192488004,508.0
61.220483590039336,498.15215873057707
61.420549987590675,495.8863134131355
61.62061638514201,488.9640299969423
61.82068278269334,496.3603475315175
62.02074918024468,504.0
62.22081557779601,489.46409419331115
62.42088197534734,463.7095269580114
62.62094837289868,454.30818619626984
62.82101477045001,526.0789860828833
63.021081168001345,532.7800379988374
63.221147565552684,469.39863819277633
63.421213963104016,459.0944914616996
63.62128036065535,473.64912888952665
63.82134675820669,501.0
64.02141315575801,495.0
64.22147955330935,460.41991266778723
64.42154595086069,460.0
64.62161234841201,501.48345468492465
64.82167874596335,499.98835213552877
65.02174514351469,509.0
65.22181154106602,501.9156011338403
65.42187793861736,485.0
65.6219443361687,485.0
65.82201073372002,495.0
66.02207713127136,495.0
66.2221435288227,481.4038881063933
66.42220992637402,464.0
66.62227632392536,503.0
66.8223427214767,501.3915064471199
67.02240911902803,498.0
67.22247551657937,511.0
67.4225419141307,510.33025349662364
67.62260831168203,496.0
67.82267470923337,486.1979460166348
68.02274110678471,503.8705638134023
68.22280750433603,479.5254833846319
68.42287390188737,491.63577044126123
68.62294029943871,502.0
68.82300669699003,460.0
69.02307309454137,464.97580668389907
69.22313949209271,499.0
69.42320588964404,501.3494669322724
69.62327228719538,476.0
69.82333868474672,455.0
70.02340508229804,481.7744016401375
70.22347147984938,502.0
70.42353787740072,499.38061573150225
70.62360427495204,483.4441559639639
70.82367067250338,461.0
71.02373707005472,461.0
71.22380346760605,495.0
71.42386986515739,495.81318115994657
71.62393626270872,463.1742559539175
71.82400266026005,458.0
72.02406905781139,499.71241515436486
72.22413545536273,503.8988727881869
72.42420185291405,502.3129783450595
72.62426825046539,454.17842868359315
72.82433464801673,456.5831194839771
73.02440104556806,469.0
73.2244674431194,452.0
73.42453384067073,452.0
73.62460023822206,453.0
73.8246666357734,452.19221133567976
74.02473303332474,452.0
74.22479943087606,455.56542815549477
74.4248658284274,459.0
74.62493222597874,459.1304699518904
74.82499862353006,460.0
75.0250650210814,462.0
75.22513141863274,460.8343500410279
75.42519781618407,457.0
75.6252642137354,459.074680984415
75.82533061128674,460.0
76.02539700883807,459.08131948017126
76.22546340638941,463.35660863863956
76.42552980394075,462.04643045361314
76.62559620149207,463.0
76.82566259904341,463.0
77.02572899659475,463.0
77.22579539414608,463.0
77.42586179169741,463.0
77.62592818924875,465.0974683781129
77.82599458680008,465.4647705681126
78.02606098435142,465.0
78.22612738190276,465.50914215499427
78.42619377945408,468.0
78.62626017700542,469.4575638472535
78.82632657455676,470.0
79.02639297210808,467.2573502484689
79.22645936965942,464.0
79.42652576721076,473.3985749538102
79.62659216476209,475.7352912486114
79.82665856231343,476.0
80.02672495986477,476.7654543850123
80.22679135741609,474.0
80.42685775496743,474.7396653176326
80.62692415251877,478.0
80.8269905500701,476.3452548755278
81.02705694762143,476.0
81.22712334517277,478.2976064283739
81.4271897427241,481.0
81.62725614027543,483.0
81.82732253782677,484.6328761821249
82.0273889353781,483.57115851570757
82.22745533292944,483.0
82.42752173048078,484.3187979930594
82.6275881280321,480.5312613584348
82.82765452558344,480.81451007364984
83.02772092313478,481.0
83.2277873206861,485.59414389318124
83.42785371823744,486.56575067363997
83.62792011578878,488.1091206987729
83.82798651334011,487.36001095721974
84.02805291089145,489.9677465048043
84.22811930844279,491.0
84.42818570599411,491.0
84.62825210354545,493.0817503294868
84.82831850109679,485.00820469276135
85.02838489864811,490.0
85.22845129619945,490.0
85.42851769375079,490.80937604806854
85.62858409130212,493.0
85.82865048885346,495.72269878160756
86.0287168864048,495.82183674839575
86.22878328395612,497.0
86.42884968150746,495.34594449052645
86.6289160790588,490.0
86.82898247661012,494.4785415293905
87.02904887416146,496.41339946881544
87.2291152717128,497.0
87.42918166926412,496.22218427390294
87.62924806681546,494.0
87.8293144643668,495.0
88.02938086191813,495.0
88.22944725946947,495.0
88.4295136570208,501.2420916525201
88.62958005457213,494.0
88.82964645212347,494.9449559039758
89.02971284967481,495.5889056348698
89.22977924722613,496.0
89.42984564477747,496.0
89.62991204232881,492.1182571969411
89.82997843988014,493.0
90.03004483743148,492.28670241073365
90.2301112349828,487.8269533897207
90.43017763253414,486.0
90.63024403008548,488.0
90.8303104276368,491.0
91.03037682518814,492.6814687506602
91.23044322273948,493.0
91.4305096202908,493.0
91.63057601784215,493.6412992120711
91.83064241539348,496.0
92.03070881294481,495.51878443727384
92.23077521049615,493.0
92.43084160804749,494.0095297765325
92.63090800559881,496.0
92.83097440315015,496.0
93.03104080070149,496.5599832974961
93.23110719825281,498.30382929154115
93.43117359580415,500.0
93.63123999335549,500.0
93.83130639090682,500.0
94.03137278845816,500.0
94.2314391860095,500.57695919132203
94.43150558356082,505.0
94.63157198111216,505.0
94.8316383786635,504.96182210523233
95.03170477621482,504.0
95.23177117376616,507.0
95.4318375713175,508.0
95.63190396886883,507.2949696904426
95.83197036642017,500.0
96.0320367639715,500.0
96.23210316152283,501.4163715943922
96.43216955907417,506.0
96.63223595662551,511.0
96.83230235417683,506.0
97.03236875172817,506.0
97.23243514927951,512.3447612773548
97.43250154683084,519.0
97.63256794438217,517.3014902878928
97.83263434193351,510.0
98.03270073948484,511.0645349544462
98.23276713703618,512.9859824998673
98.43283353458752,515.0
98.63289993213884,515.0
98.83296632969018,515.0
99.03303272724152,518.413468709245
99.23309912479284,521.5712049212882
99.43316552234418,519.8869279521628
99.63323191989552,508.52214092554937
99.83329831744685,509.14313144542575
100.03336471499819,512.8528651570041
100.23343111254952,516.0
100.43349751010085,517.9166728090229
100.63356390765219,521.2240228857065
100.83363030520353,521.852417191875
101.03369670275485,521.0691091981753
101.23376310030619,521.015250735847
101.43382949785753,517.2973642247766
101.63389589540886,517.0
101.8339622929602,522.243239366627
102.03402869051153,525.0330472620161
102.23409508806286,526.0
102.4341614856142,530.0
102.63422788316554,524.4458151014965
102.83429428071686,528.2786673235813
103.0343606782682,534.0
103.23442707581954,532.6288230383834
103.43449347337086,527.0
103.6345598709222,529.1119618087829
103.83462626847354,533.9207240400868
104.03469266602487,537.5245041764997
104.2347590635762,537.2043560523142
104.43482546112755,537.2890380885324
104.63489185867887,537.628052379983
104.83495825623021,534.620207508318
105.03502465378155,531.0
105.23509105133287,538.0
105.43515744888421,538.0
105.63522384643555,540.0
105.83529024398688,540.0
106.03535664153821,542.0
106.23542303908955,542.0
106.43548943664088,540.0852778356636
106.63555583419222,544.2154430427164
106.83562223174356,540.0
107.03568862929488,536.5687767096792
107.23575502684622,535.0
107.43582142439756,541.0912584200964
107.63588782194888,544.7636699875507
107.83595421950022,547.6385387127128
108.03602061705156,547.0
108.23608701460289,547.3937375558066
108.43615341215423,550.2167931153027
108.63621980970557,558.7341461812354
108.83628620725689,545.2547238652721
109.03635260480823,545.0
109.23641900235957,548.8045607622419
109.4364853999109,551.8843196934932
109.63655179746223,553.0
109.83661819501357,550.2497934575956
110.0366845925649,552.0
110.23675099011624,550.2331513924202
110.43681738766757,553.0371583876947
110.6368837852189,549.0
110.83695018277024,551.0
111.03701658032158,552.343676408617
111.2370829778729,556.0029378803063
111.43714937542424,557.0
111.63721577297558,557.0
111.8372821705269,557.0
112.03734856807824,557.0
112.23741496562958,559.3035786756309
112.43748136318091,556.0699021626892
112.63754776073225,557.0
112.83761415828359,555.0217519434186
113.03768055583491,557.7686576867844
113.23774695338625,560.1743693174158
113.43781335093759,562.0
113.63787974848891,562.0
113.83794614604025,562.0
114.03801254359159,563.7045031136095
114.23807894114292,574.0
114.43814533869426,566.4001364191284
114.6382117362456,558.5127619458212
114.83827813379692,560.0840266995752
115.03834453134826,560.0
115.23841092889958,564.1547138761306
115.43847732645092,566.0
115.63854372400226,565.7752946058511
115.83861012155359,565.0
116.03867651910492,570.0
116.23874291665626,570.0
116.43880931420759,559.1036828629851
116.63887571175893,559.0
116.83894210931027,563.7452265726117
117.03900850686159,563.6599894125064
117.23907490441293,564.0
117.43914130196427,563.0
117.6392076995156,561.5685733783681
117.83927409706693,561.0
118.03934049461827,560.7332410523006
118.2394068921696,559.0
118.43947328972094,559.6623258324432
118.63953968727228,566.0329904003996
118.8396060848236,569.8601385117531
119.03967248237494,571.0
119.23973887992628,571.7813801649614
119.4398052774776,571.299893575087
119.63987167502894,572.2340962815126
119.83993807258028,574.0
120.0400044701316,568.2220304809238
120.24007086768295,560.0
120.44013726523428,560.0
120.64020366278561,560.0
120.84027006033695,559.0
121.04033645788829,559.0189945084151
121.24040285543961,562.0
121.44046925299095,562.0
121.64053565054229,567.0
121.84060204809361,558.5735083504205
122.04066844564495,553.7985585860872
122.2407348431963,554.0330998632437
122.44080124074762,556.2973019363291
122.64086763829896,560.0
122.8409340358503,561.0
123.04100043340162,560.0
123.24106683095296,559.0
123.4411332285043,559.0
123.64119962605562,558.0756157222678
123.84126602360696,553.602932742559
124.0413324211583,552.2300342451387
124.24139881870963,552.0
124.44146521626097,549.388710404372
124.6415316138123,545.0
124.84159801136363,542.5443584727149
125.04166440891497,531.5109747781181
125.24173080646631,529.0
125.44179720401763,517.4837942592801
125.64186360156897,509.45016581161764
125.84192999912031,475.11615743082695
126.04199639667164,478.0
126.24206279422297,475.0
126.44212919177431,468.05614461311234
126.64219558932564,466.0
126.84226198687698,466.0
127.04232838442832,465.0782150773933
127.24239478197964,466.5429164689274
127.44246117953098,459.73619513108
127.64252757708232,464.0
127.84259397463364,464.0
128.04266037218497,462.0
128.24272676973632,462.0
128.44279316728765,462.0
128.64285956483897,462.0
128.84292596239032,462.21356674939943
129.04299235994165,464.11903654597364
129.24305875749297,461.22179175232066
129.44312515504433,464.0
129.64319155259565,464.46738435224864
129.84325795014698,467.3872258136491
130.04332434769833,467.08722060702956
130.24339074524966,465.5567703258717
130.44345714280098,464.0
130.64352354035233,464.0
130.84358993790366,464.0
131.04365633545498,462.4823917182209
131.24372273300634,464.0
131.44378913055766,458.28450563638984
131.643855528109,459.0
131.84392192566034,459.5545299022528
132.04398832321166,462.0
132.244054720763,464.3948216922191
132.44412111831434,465.31749609577304
132.64418751586567,466.0
132.844253913417,471.0
133.04432031096835,469.98231347396717
133.24438670851967,458.0
133.444453106071,465.37315240876404
133.64451950362235,466.0
133.84458590117367,466.0
134.044652298725,463.0
134.24471869627635,463.0
134.44478509382768,465.04592745709493
134.644851491379,466.0
134.84491788893035,466.0
135.04498428648168,464.0
135.245050684033,462.36239056438535
135.44511708158436,467.0
135.64518347913568,467.0120853315762
135.845249876687,468.0
136.04531627423836,468.84829675636337
136.24538267178968,469.0
136.445449069341,473.3781378648389
136.64551546689236,474.0
136.8455818644437,470.3033201880101
137.045648261995,467.0
137.24571465954637,472.0
137.4457810570977,472.0
137.64584745464902,472.2119432766109
137.84591385220037,473.1286347196838
138.0459802497517,475.0
138.24604664730302,476.9417180992794
138.44611304485437,477.0
138.6461794424057,475.18337120175676
138.84624583995702,475.0
139.04631223750837,476.9707585086879
139.2463786350597,479.0
139.44644503261102,478.497645593216
139.64651143016238,476.5805319674808
139.8465778277137,476.0
140.04664422526503,476.0
140.24671062281638,477.0
140.4467770203677,476.45935672172624
140.64684341791903,468.0265235029626
140.84690981547038,468.0
141.0469762130217,467.1742890958882
141.24704261057303,467.0
141.4471090081244,471.99951535120306
141.6471754056757,473.0
141.84724180322704,471.49271112306496
142.0473082007784,471.25696495204386
142.2473745983297,468.49885087452583
142.44744099588104,468.5035096369815
142.6475073934324,471.0
142.84757379098372,472.0
143.04764018853504,473.9987800643021
143.2477065860864,475.0
143.44777298363772,476.0
143.64783938118904,476.7588683024926
143.8479057787404,478.35367173108915
144.04797217629172,481.0
144.24803857384305,474.5134416425022
144.4481049713944,475.0
144.64817136894573,479.070488409002
144.84823776649705,480.17482100041275
145.0483041640484,477.80507427281384
145.24837056159973,476.7561175031165
145.44843695915105,474.0
145.6485033567024,474.0
145.84856975425373,474.0
146.04863615180506,473.0
146.2487025493564,469.0
146.44876894690773,469.0
146.64883534445906,472.0
146.8489017420104,473.3459469757448
147.04896813956174,472.0
147.24903453711306,475.0
147.44910093466441,471.8042380047087
147.64916733221574,475.0
147.84923372976706,475.0
148.04930012731842,449.96273327386
148.24936652486974,449.0
148.44943292242107,449.0
148.64949931997242,449.27133104979725
148.84956571752375,449.0
149.04963211507507,446.0
149.24969851262642,446.48684590509134
149.44976491017775,447.0
149.64983130772907,447.0
149.84989770528043,447.2722320957933
150.04996410283175,450.0
150.25003050038308,451.3858694650912
150.45009689793443,456.05224479186353
150.65016329548575,460.0
150.85022969303708,462.0
151.05029609058843,463.0
151.25036248813976,462.30814166941684
151.45042888569108,467.0
151.65049528324244,464.3238713233149
151.85056168079376,466.6325946590983
152.05062807834508,464.37598075014773
152.25069447589644,465.0
152.45076087344776,465.0
152.6508272709991,464.7268791295573
152.85089366855044,464.8797584989779
153.05096006610177,461.0418993807044
153.2510264636531,461.0
153.45109286120444,458.59261912532094
153.65115925875577,433.1377565079719
153.8512256563071,415.11735914601445
154.05129205385845,406.2778506071439
154.25135845140977,395.6000928490691
154.4514248489611,387.75638173135604
154.65149124651245,376.3543086651848
154.85155764406377,372.0
155.0516240416151,373.0
155.25169043916645,373.0
155.45175683671778,373.0038095092555
155.6518232342691,375.0
155.85188963182046,380.0261981821922
156.05195602937178,387.0
156.2520224269231,393.342015048761
156.45208882447446,396.0
156.65215522202578,396.5068676199076
156.8522216195771,400.26295237293897
157.05228801712846,415.0
157.2523544146798,415.0
157.4524208122311,398.0
157.65248720978246,408.26927586094376
157.8525536073338,415.0197323085988
158.0526200048851,420.0
158.25268640243647,420.0
158.4527527999878,423.0
158.65281919753912,424.0
158.85288559509047,430.6997297433809
159.0529519926418,423.37939966801355
159.25301839019312,416.0
159.45308478774447,416.0
159.6531511852958,420.0
159.85321758284712,420.0
160.05328398039848,419.3663608127997
160.2533503779498,419.0
160.45341677550113,417.57956745937213
160.65348317305248,416.0
160.8535495706038,415.9642023186155
161.05361596815513,414.0376686850275
161.25368236570648,413.0
161.4537487632578,412.41092030127066
161.65381516080913,416.17300295611676
161.85388155836048,417.0
162.0539479559118,417.564049969274
162.25401435346313,418.965813351547
162.4540807510145,420.0
162.6541471485658,422.0
162.85421354611714,422.0
163.0542799436685,415.0
163.25434634121982,416.364370294506
163.45441273877114,420.08209334748904
163.6544791363225,427.0
163.85454553387382,428.0
164.05461193142514,427.2227132307406
164.2546783289765,427.0
164.45474472652782,428.0
164.65481112407915,428.0
164.8548775216305,423.0
165.05494391918182,422.37317552576553
165.25501031673315,427.0
165.4550767142845,427.02503510253473
165.65514311183583,426.0
165.85520950938715,425.9621106321867
166.0552759069385,425.0
166.25534230448983,430.0
166.45540870204115,434.0
166.6554750995925,433.28347901271115
166.85554149714383,422.0
167.05560789469516,432.0
167.2556742922465,428.0
167.45574068979784,425.0
167.65580708734916,425.6933951247781
167.8558734849005,422.0
168.05593988245184,422.0
168.25600628000316,432.0
168.45607267755452,432.0
168.65613907510584,404.62546006793525
168.85620547265717,409.82273622512616
169.05627187020852,414.0066172345099
169.25633826775984,414.3282582146553
169.45640466531117,414.0
169.65647106286252,414.0
169.85653746041385,413.86705843713463
170.05660385796517,415.3562969092735
170.25667025551653,415.0
170.45673665306785,426.3249654403386
170.65680305061917,419.0
170.85686944817053,419.0
171.05693584572185,417.10695038348297
171.25700224327318,417.0
171.45706864082453,416.2215993048052
171.65713503837586,413.89968622097837
171.85720143592718,408.0
172.05726783347853,405.31162649991285
172.25733423102986,373.299567797247
172.45740062858118,338.5446435278647
172.65746702613254,331.2000854544005
172.85753342368386,315.41328709314854
173.0575998212352,306.36684759815097
173.25766621878654,301.14861376616494
173.45773261633786,297.0
173.6577990138892,297.0
173.85786541144054,313.0
174.05793180899187,300.3420311560236
174.2579982065432,301.0
174.45806460409455,301.0
174.65813100164587,309.2472704916673
174.8581973991972,310.0
175.05826379674855,311.0
175.25833019429987,313.0
175.4583965918512,313.0
175.65846298940255,315.7068461130466
175.85852938695388,315.22838775903875
176.0585957845052,315.3859599463908
176.25866218205655,321.5229721984817
176.45872857960788,332.0705574436847
176.6587949771592,333.0
176.85886137471056,333.0
177.05892777226188,335.588998267937
177.2589941698132,340.0
177.45906056736456,344.43129853880794
177.65912696491588,344.0
177.8591933624672,344.0
178.05925976001856,340.0
178.2593261575699,348.8219906075874
178.4593925551212,350.48808403204185
178.65945895267257,354.6604712746363
178.8595253502239,355.0
179.05959174777522,353.0
179.25965814532657,353.8463397934743
179.4597245428779,359.0
179.65979094042922,349.73441034772213
179.85985733798054,334.6293220149362
180.0599237355319,335.0
180.25999013308322,334.0
180.46005653063455,334.0
180.6601229281859,331.3965331128671
180.86018932573722,329.0
181.06025572328855,320.1922706818285
181.2603221208399,319.0
181.46038851839123,311.59974497541714
181.66045491594255,291.0
181.8605213134939,291.3897208395392
182.06058771104523,292.0
182.26065410859655,293.0
182.4607205061479,293.0
182.66078690369923,293.0722651247486
182.86085330125056,298.97665919165604
183.0609196988019,300.0
183.26098609635324,303.0
183.46105249390456,306.77598885738075
183.6611188914559,308.0
183.86118528900724,314.0
184.06125168655856,314.51853560141626
184.26131808410992,320.3141260992315
184.46138448166124,323.3588133820661
184.66145087921257,324.72029137595683
184.86151727676392,324.20371554188233
185.06158367431524,324.7482782573644
185.26165007186657,322.30662322648675
185.46171646941792,329.0
185.66178286696925,328.769491325637
185.86184926452057,334.82534588900376
186.06191566207193,337.0
186.26198205962325,341.0
186.46204845717457,341.0
186.66211485472593,340.0
186.86218125227725,340.0
187.06224764982858,339.67121113051877
187.26231404737993,343.0
187.46238044493126,343.1670144781484
187.66244684248258,350.0
187.86251324003393,350.0
188.06257963758526,350.0
188.26264603513658,350.84982813310893
188.46271243268794,351.769508569145
188.66277883023926,356.0
188.8628452277906,356.0
189.06291162534194,353.32865632060646
189.26297802289326,351.0
189.4630444204446,355.7505956697312
189.66311081799594,357.0
189.86317721554727,357.2171180135628
190.0632436130986,357.1376069821278
190.26331001064995,358.0
190.46337640820127,358.9788194042171
190.6634428057526,359.0
190.86350920330395,359.0
191.06357560085527,362.8076662666052
191.2636419984066,361.0
191.46370839595795,363.0
191.66377479350928,365.50191531251545
191.8638411910606,365.5788234142888
192.06390758861195,364.0
192.26397398616328,365.0
192.4640403837146,367.0
192.66410678126596,365.9004871359275
192.86417317881728,368.0
193.0642395763686,368.0
193.26430597391996,368.0
193.46437237147128,368.7542466727916
193.6644387690226,368.0
193.86450516657396,368.0
194.0645715641253,368.0
194.2646379616766,369.4306176098627
194.46470435922797,370.0
194.6647707567793,369.17425147558606
194.86483715433062,367.76555877760626
195.06490355188197,371.11039219433786
195.2649699494333,372.1015624143441
195.46503634698462,375.0
195.66510274453597,375.0
195.8651691420873,373.0
196.06523553963862,380.43032155914966
196.26530193718997,386.0
196.4653683347413,386.0
196.66543473229262,373.0
196.86550112984398,376.3999466352845
197.0655675273953,378.960430337047
197.26563392494663,381.0
197.46570032249798,381.0
197.6657667200493,381.0821414055737
197.86583311760063,379.0063732958956
198.06589951515198,386.622169904678
198.2659659127033,379.4700413200433
198.46603231025463,374.0
198.666098707806,374.6808216218057
198.8661651053573,375.0
199.06623150290864,372.97838612466035
199.26629790046,369.8439087382177
199.4663642980113,366.30801153276093
199.66643069556264,366.47094271440864
199.866497093114,367.7478742417232
200.06656349066532,370.17559822441285
200.26662988821664,355.8774759422544
200.466696285768,351.0
200.66676268331932,355.4113286784493
200.86682908087064,358.3146996506136
201.066895478422,363.0
201.26696187597332,363.0
201.46702827352465,362.4636392012499
201.667094671076,359.81055006684517
201.86716106862733,360.50271996341536
202.06722746617865,357.0
202.26729386373,357.0
202.46736026128133,357.667976668139
202.66742665883265,363.0
202.867493056384,363.0
203.06755945393533,365.0
203.26762585148666,365.0
203.467692249038,366.7390956600103
203.66775864658933,369.0
203.86782504414066,369.0
204.067891441692,367.0006230942814
204.26795783924334,366.8429426759797
204.46802423679466,368.0
204.66809063434602,369.7910081316024
204.86815703189734,371.6326849269029
205.06822342944866,370.0
205.26828982700002,370.025901268019
205.46835622455134,378.0
205.66842262210267,378.0
205.86848901965402,374.1504346507314
206.06855541720535,370.75362908897034
206.26862181475667,375.0
206.46868821230802,373.4508445254572
206.66875460985935,374.0
206.86882100741067,376.0
207.06888740496203,376.0
207.26895380251335,377.1549202278886
207.46902020006468,375.2263394119928
207.66908659761603,366.4228493591546
207.86915299516735,372.0
208.06921939271868,374.7418167534253
208.26928579027003,383.0
208.46935218782136,383.2488590887684
208.66941858537268,381.66161169712205
208.86948498292404,381.0
209.06955138047536,382.99034734979017
209.26961777802669,384.0
209.46968417557804,384.0
209.66975057312936,381.0
209.8698169706807,381.0
210.06988336823204,381.0
210.26994976578337,383.0
210.4700161633347,383.0
210.67008256088604,382.0
210.87014895843737,385.0662055726732
211.0702153559887,387.3628382713556
211.27028175354005,388.0
211.47034815109137,386.41946437649773
211.6704145486427,380.52941904117495
211.87048094619405,383.156076961245
212.07054734374537,381.443232551983
212.2706137412967,385.208603856238
212.47068013884805,386.5136975067088
212.67074653639938,390.0
212.8708129339507,390.0
213.07087933150206,389.10926401592866
213.27094572905338,387.1885838057188
213.4710121266047,385.0
213.67107852415606,389.51446489866055
213.87114492170738,392.8586968326411
214.0712113192587,395.9966449564673
214.27127771681006,394.91559728220034
214.4713441143614,393.3319706366751
214.6714105119127,392.25443181939613
214.87147690946406,393.82655640744787
215.0715433070154,392.53452289254227
215.2716097045667,388.0
215.47167610211807,390.7754177852302
215.6717424996694,396.0
215.87180889722072,396.0
216.07187529477207,396.0
216.2719416923234,398.77172724101166
216.47200808987472,401.0
216.67207448742607,404.951586392898
216.8721408849774,405.59246077882153
217.07220728252872,394.0
217.27227368008008,394.5465174726328
217.4723400776314,398.18599828344037
217.67240647518273,400.0152745702974
217.87247287273408,402.92905759772293
218.0725392702854,403.0
218.27260566783673,403.0
218.47267206538808,403.0
218.6727384629394,404.0
218.87280486049073,400.92322643096463
219.07287125804208,398.0
219.2729376555934,401.68246215252475
219.47300405314473,403.0
219.6730704506961,403.3422454924435
219.8731368482474,403.1717060451981
220.07320324579874,406.0104741025645
220.2732696433501,408.0
220.47333604090142,408.0
220.67340243845274,407.2585796001967
220.8734688360041,402.0
221.07353523355542,402.5665449387645
221.27360163110674,409.47970725957106
221.4736680286581,409.0
221.67373442620942,409.0
221.87380082376075,408.05384817158136
222.0738672213121,409.0
222.27393361886342,424.0
222.47400001641475,424.0
222.6740664139661,404.66316774303215
222.87413281151743,399.0
223.07419920906875,403.0
223.2742656066201,402.0892858449703
223.47433200417143,399.797102351217
223.67439840172275,399.0
223.8744647992741,398.0
224.07453119682543,402.9022311928118
224.27459759437676,400.0
224.4746639919281,399.3846719817286
224.67473038947944,397.0
224.87479678703076,399.0
225.0748631845821,399.9634052563708
225.27492958213344,400.0
225.47499597968476,401.0
225.67506237723612,401.7291840860986
225.87512877478744,402.0
226.07519517233877,408.0
226.27526156989012,408.0
226.47532796744144,398.0
226.67539436499277,398.0
226.87546076254412,399.0
227.07552716009545,399.0
227.27559355764677,399.0
227.47565995519813,399.0
227.67572635274945,396.17998937639726
227.87579275030077,399.0
228.07585914785213,394.8879585147662
228.27592554540345,395.6336949958497
228.47599194295478,397.5759950872467
228.67605834050613,399.0
228.87612473805746,399.0
229.07619113560878,397.98068440296555
229.27625753316013,395.7392366509157
229.47632393071146,395.0
229.67639032826278,395.6314803650014
229.87645672581414,400.91713746670484
230.07652312336546,394.19957034723524
230.2765895209168,384.0
230.4766559184681,384.0
230.67672231601946,384.70514466041436
230.8767887135708,385.0
231.07685511112211,386.0
231.27692150867347,385.06703263277024
231.4769879062248,386.0
231.67705430377612,388.0
231.87712070132747,387.5469439934629
232.0771870988788,386.0
232.27725349643012,386.1365901603622
232.47731989398147,388.9886210450798
232.6773862915328,394.9080700326565
232.87745268908412,396.0
233.07751908663548,396.0
233.2775854841868,397.3252204146426
233.47765188173813,398.0
233.67771827928948,397.4832754976241
233.8777846768408,393.0
234.07785107439213,394.06533826016954
234.27791747194348,397.8266915437994
234.4779838694948,400.0
234.67805026704613,400.0
234.87811666459748,399.0
235.0781830621488,399.0
235.27824945970013,400.0
235.4783158572515,401.79872135368436
235.6783822548028,400.72065268450876
235.87844865235414,401.0
236.0785150499055,405.24613476863374
236.27858144745682,407.0
236.47864784500814,407.0
236.6787142425595,408.9623411752313
236.87878064011082,411.0
237.07884703766214,411.0
237.2789134352135,411.0
237.47897983276482,413.0
237.67904623031615,413.0
237.8791126278675,413.84570289375876
238.07917902541882,414.7661603814545
238.27924542297015,415.6175556192319
238.4793118205215,417.3906611332113
238.67937821807283,417.46924921035145
238.87944461562415,417.0
239.0795110131755,419.0
239.27957741072683,419.0
239.47964380827815,411.0
239.6797102058295,411.6471578207077
239.87977660338083,418.0549573553799
240.07984300093216,419.0
240.2799093984835,419.0
240.47997579603484,423.63139648086843
240.68004219358616,425.0
240.8801085911375,425.0
241.08017498868884,421.4418394294882
241.28024138624016,420.0
241.48030778379152,420.0
241.68037418134284,421.6120651341013
241.88044057889417,423.0
242.08050697644552,423.2744804891676
242.28057337399684,424.9374741427398
242.48063977154817,424.0
242.68070616909952,423.0
242.88077256665085,424.0
243.08083896420217,423.1271383139263
243.28090536175353,419.0
243.48097175930485,420.1914152953865
243.68103815685618,424.02426068363064
243.88110455440753,426.4282795853538
244.08117095195885,427.0
244.28123734951018,427.2631502302221
244.48130374706153,428.17478653821956
244.68137014461286,438.0
244.88143654216418,438.0
245.08150293971553,432.4797336487699
245.28156933726686,427.8250607561818
245.48163573481818,427.0
245.68170213236954,429.0145138277551
245.88176852992086,430.0
246.0818349274722,430.0
246.28190132502354,432.0
246.48196772257486,436.1204490092749
246.6820341201262,434.0
246.88210051767754,433.805506884099
247.08216691522887,431.23223176944737
247.2822333127802,433.1044518548231
247.48229971033155,436.95066135124534
247.68236610788287,437.0
247.8824325054342,437.0
248.08249890298555,440.0
248.28256530053687,441.24816819767534
248.4826316980882,445.0
248.68269809563955,438.1625332892137
248.88276449319088,436.0
249.0828308907422,437.49698836043626
249.28289728829355,443.0
249.48296368584488,438.0
249.6830300833962,436.0
249.88309648094756,436.0
250.08316287849888,436.0
250.2832292760502,437.61010124355744
250.48329567360156,430.18703461122044
250.68336207115289,416.76960953403426
250.8834284687042,415.0
251.08349486625556,408.66282749836625
251.2835612638069,398.35742731197496
251.4836276613582,385.02324285906406
251.68369405890957,375.24677611919304
251.8837604564609,370.0
252.08382685401222,370.0
252.28389325156357,369.921060979332
252.4839596491149,364.0
252.68402604666622,362.14604500847315
252.88409244421757,362.7747566146652
253.0841588417689,364.38977178131114
253.28422523932022,370.23165669809623
253.48429163687157,376.0
253.6843580344229,376.0
253.88442443197422,378.0
254.08449082952558,379.0
254.2845572270769,379.4380873923621
254.48462362462823,380.8606004002948
254.68469002217958,380.0
254.8847564197309,379.01918261412567
255.08482281728223,379.0
255.28488921483358,381.0
255.4849556123849,381.0
255.68502200993623,379.6768751377433
255.8850884074876,383.0
256.0851548050389,381.04357414880644
256.28522120259026,383.0
256.4852876001416,383.9802122621779
256.6853539976929,387.2142259515651
256.88542039524424,391.0
257.08548679279556,391.0744024246347
257.2855531903469,392.0
257.48561958789827,392.1774281393214
257.6856859854496,393.6551026927506
257.8857523830009,386.87237478892223
258.08581878055224,367.4747612064422
258.28588517810357,353.0
258.4859515756549,342.3080764684123
258.6860179732063,329.3350410290391
258.8860843707576,321.92373786203757
259.0861507683089,307.7242014437004
259.28621716586025,302.0
259.4862835634116,302.34884359083264
259.6863499609629,305.01822937085126
259.8864163585143,305.97901134677426
260.0864827560656,312.0
260.28654915361693,312.0
260.48661555116826,312.7180675037017
260.6866819487196,319.2801082164598
260.8867483462709,324.3638022728816
261.0868147438223,330.96032284496783
261.2868811413736,333.7997114640709
261.48694753892494,337.0
261.68701393647626,340.7292357552986
261.8870803340276,347.6736594221997
262.0871467315789,346.1599426551091
262.2872131291303,361.0
262.4872795266816,361.0
262.68734592423294,363.6855361330615
262.88741232178427,365.0
263.0874787193356,366.0
263.2875451168869,366.0
263.4876115144383,365.7390515194574
263.6876779119896,366.7487966537876
263.88774430954095,370.0559089498373
264.0878107070923,372.5376504625657
264.2878771046436,374.37406580291844
264.4879435021949,376.0
264.6880098997463,376.0708024302171
264.88807629729763,381.9291102481609
265.08814269484895,382.0
265.2882090924003,383.0
265.4882754899516,382.1539376255452
265.68834188750293,381.0
265.8884082850543,388.0
266.08847468260564,389.0
266.28854108015696,393.0
266.4886074777083,394.0
266.6886738752596,393.78521588424724
266.88874027281094,393.0
267.0888066703623,393.9396802480229
267.28887306791364,395.94376822705135
267.48893946546497,396.0
267.6890058630163,396.8214626929969
267.8890722605676,399.4864927208349
268.08913865811894,400.0
268.2892050556703,400.0
268.48927145322165,401.0
268.689337850773,401.0
268.8894042483243,402.0
269.0894706458756,402.0
269.28953704342695,400.81256786245916
269.4896034409783,400.0
269.68966983852965,400.0
269.889736236081,400.94663018405413
270.0898026336323,400.133769605062
270.2898690311836,400.0
270.48993542873495,400.0
270.69000182628633,400.0
270.89006822383766,400.0
271.090134621389,396.5284041848273
271.2902010189403,395.0
271.49026741649163,396.0
271.69033381404296,393.8597962096182
271.89040021159434,390.0
272.09046660914566,387.64185853088986
272.290533006697,376.102369177698
272.4905994042483,373.2993408451689
272.69066580179964,377.6546863457806
272.89073219935096,369.8351108101586
273.09079859690235,354.0
273.29086499445367,356.27707224795824
273.490931392005,359.48419043336327
273.6909977895563,362.0
273.89106418710765,363.0
274.09113058465897,363.96699710393034
274.29119698221035,368.0
274.4912633797617,373.0
274.691329777313,372.9947983994833
274.8913961748643,373.8480067846486
275.09146257241565,374.0
275.291528969967,375.0
275.49159536751836,377.0564189106219
275.6916617650697,377.39463239359674
275.891728162621,378.0
276.09179456017233,378.44596328418714
276.29186095772366,380.0
276.491927355275,379.8563911641455
276.69199375282636,379.842399582569
276.8920601503777,379.0
277.092126547929,379.0512965655002
277.29219294548034,379.0308945626414
277.49225934303166,380.0
277.692325740583,384.6025310805713
277.89239213813437,384.4313722487518
278.0924585356857,385.0
278.292524933237,386.0
278.49259133078834,384.52027234663456
278.69265772833967,387.0
278.892724125891,387.0
279.0927905234424,387.43975433989914
279.2928569209937,391.1372150731606
279.492923318545,394.0
279.69298971609635,394.976706221082
279.8930561136477,396.0
280.093122511199,396.0
280.2931889087504,395.25843075523545
280.4932553063017,396.6396984773108
280.69332170385303,398.0
280.89338810140435,402.5048170091434
281.0934544989557,403.0
281.293520896507,401.65618267401135
281.4935872940584,401.5305567165357
281.6936536916097,403.1858660314883
281.89372008916104,408.3176318021988
282.09378648671236,411.0
282.2938528842637,411.0
282.493919281815,400.0
282.6939856793664,405.0
282.8940520769177,407.0
283.09411847446904,407.59067714030675
283.29418487202037,408.51280250317984
283.4942512695717,409.8568895468953
283.694317667123,413.37828970173507
283.8943840646744,418.0
284.0944504622257,415.4514475177349
284.29451685977705,413.0
284.4945832573284,414.01050497034373
284.6946496548797,415.0
284.894716052431,414.8399949782035
285.0947824499824,415.2444146717197
285.29484884753373,417.6764136663931
285.49491524508505,419.0
285.6949816426364,422.09179538879806
285.8950480401877,418.55840818044607
286.095114437739,420.19353443590825
286.2951808352904,418.40205870839145
286.49524723284173,422.6026992346316
286.69531363039306,426.0
286.8953800279444,426.0
287.0954464254957,426.96288051904094
287.29551282304703,427.0
287.4955792205984,429.8094115369422
287.69564561814974,430.0
287.89571201570106,428.0692462430338
288.0957784132524,425.88145059249865
288.2958448108037,427.0
288.49591120835504,427.6017224516447
288.6959776059064,427.0
288.89604400345775,427.0
289.09611040100907,429.0
289.2961767985604,429.1147188568397
289.4962431961117,431.0
289.69630959366305,426.0
289.8963759912144,423.0
290.09644238876575,426.6578604903998
290.2965087863171,428.0
290.4965751838684,429.1453000798432
290.6966415814197,430.0
290.89670797897105,431.0
291.09677437652243,432.3371698382896
291.29684077407376,437.0
291.4969071716251,437.0
291.6969735691764,432.0
291.89703996672773,432.0429953787349
292.09710636427906,435.93344083052386
292.29717276183044,436.8515739107044
292.49723915938176,437.0
292.6973055569331,442.0
292.8973719544844,441.1894476705029
293.09743835203574,444.5404062287984
293.29750474958706,447.0
293.49757114713844,444.95872149890397
293.69763754468977,441.0
293.8977039422411,445.0
294.0977703397924,446.1009150759005
294.29783673734374,447.0
294.49790313489507,447.0
294.69796953244645,449.71118186610744
294.8980359299978,453.0
295.0981023275491,461.0
295.2981687251004,461.0
295.49823512265175,445.9380242541961
295.6983015202031,445.89736402229664
295.89836791775446,454.0
296.0984343153058,455.5781557723001
296.2985007128571,456.38217217090283
296.49856711040843,456.0
296.69863350795976,456.0
296.8986999055111,457.9012103475917
297.09876630306246,458.0
297.2988327006138,455.6207773464807
297.4988990981651,453.5760680361723
297.69896549571644,457.53336502592
297.89903189326776,459.0
298.0990982908191,459.95275394297977
298.29916468837047,461.0
298.4992310859218,461.6391644556078
298.6992974834731,463.71701648141476
298.89936388102444,463.0
299.09943027857577,460.0
299.2994966761271,460.0040376597659
299.4995630736785,463.9220676761389
299.6996294712298,466.68360581021403
299.8996958687811,467.76248025951423
300.09976226633245,467.0
300.2998286638838,467.6039548303994
300.4998950614351,467.52318697369805
300.6999614589865,469.0
300.9000278565378,470.0
301.10009425408913,465.0
301.30016065164045,466.0
301.5002270491918,468.2490332066883
301.7002934467431,470.0
301.9003598442945,471.92930346011804
302.1004262418458,472.0
302.30049263939713,472.80654698901947
302.50055903694846,477.3868099973837
302.7006254344998,475.06969584298895
302.9006918320511,471.0
303.1007582296025,472.96217525400533
303.3008246271538,475.8245340157925
303.50089102470514,475.0
303.70095742225647,478.2813521338045
303.9010238198078,480.0
304.1010902173591,478.0
304.3011566149105,478.0
304.5012230124618,478.0
304.70128941001315,500.858028445313
304.90135580756447,500.0
305.1014222051158,498.60071787731323
305.3014886026671,498.6195240777001
305.5015550002185,496.9220417835037
305.7016213977698,498.0797427913936
305.90168779532115,496.38066138361495
306.1017541928725,497.0
306.3018205904238,501.0
306.5018869879751,493.64686288903033
306.7019533855265,475.69334662303055
306.90201978307783,471.0
307.10208618062916,464.4768159592734
307.3021525781805,464.0
307.5022189757318,457.3001207410496
307.70228537328313,454.3352886921265
307.90235177083446,454.4134748249695
308.10241816838584,458.0
308.30248456593716,454.9829983007883
308.5025509634885,456.1959116372453
308.7026173610398,452.8926709286761
308.90268375859114,458.0
309.10275015614246,458.11231161678063
309.30281655369384,459.0
309.50288295124517,462.81362803748783
309.7029493487965,466.8729616989034
309.9030157463478,473.3539643814154
310.10308214389914,472.119733977433
310.30314854145047,460.5010588332265
310.50321493900185,457.0
310.7032813365532,468.0
310.9033477341045,469.2144465508275
311.1034141316558,471.3305578733897
311.30348052920715,483.0
311.5035469267585,486.0
311.70361332430986,487.3897878765068
311.9036797218612,490.9112171975941
312.1037461194125,483.21121693134944
312.30381251696383,482.0
312.50387891451516,482.7000137922957
312.7039453120665,484.0
312.90401170961786,484.5316270739551
313.1040781071692,485.0
313.3041445047205,484.6390360399371
313.50421090227184,483.0
313.70427729982316,483.0
313.9043436973745,483.0
314.10441009492587,476.0
314.3044764924772,472.1960808478733
314.5045428900285,471.1327001085197
314.70460928757984,460.71844128161655
314.90467568513117,458.28952263472996
315.1047420826825,453.6215106176655
315.3048084802339,448.30112307304483
315.5048748777852,446.0
315.7049412753365,442.1436993711147
315.90500767288785,436.0
316.1050740704392,436.1977472631812
316.3051404679905,440.3537764216249
316.5052068655419,443.0349655331
316.7052732630932,444.0
316.90533966064453,445.0
317.10540605819585,445.78079617663275
317.3054724557472,450.17231082137084
317.5055388532985,454.0
317.7056052508499,451.4928514596131
317.9056716484012,451.0
318.10573804595253,454.05377912459437
318.30580444350386,461.51275190173885
318.5058708410552,463.18201356438396
318.7059372386065,464.0
318.9060036361579,465.02349857843546
319.1060700337092,465.05901970665377
319.30613643126054,469.321594148935
319.50620282881187,465.30725046250257
319.7062692263632,465.0
319.9063356239145,467.4504240973928
320.1064020214659,471.60392255631484
320.3064684190172,474.0
320.50653481656855,473.46083984506015
320.70660121411987,476.0
320.9066676116712,477.0
321.1067340092225,478.0
321.3068004067739,477.92959464056923
321.5068668043252,477.81394362577805
321.70693320187655,478.0
321.9069995994279,482.7694758223075
322.1070659969792,484.6838295529104
322.3071323945305,486.0
322.5071987920819,486.0
322.70726518963323,486.0
322.90733158718456,488.7145791695053
323.1073979847359,490.0
323.3074643822872,488.9671570091415
323.50753077983853,485.0
323.7075971773899,489.08315912459364
323.90766357494124,491.0
324.10772997249256,492.0
324.3077963700439,490.19566461799116
324.5078627675952,484.55805844806713
324.70792916514654,481.83986590183645
324.9079955626979,479.52875689955414
325.10806196024924,469.3421829966901
325.30812835780057,444.1923229458033
325.5081947553519,442.0
325.7082611529032,442.0
325.90832755045454,439.5062131602277
326.1083939480059,436.740180756927
326.30846034555725,437.01130594811116
326.5085267431086,441.7229710097897
326.7085931406599,446.62908184783373
326.9086595382112,446.2692778393019
327.10872593576255,446.2976448423115
327.30879233331393,447.0
327.50885873086526,448.0
327.7089251284166,453.4043349005369
327.9089915259679,455.32047234845106
328.10905792351923,458.0
328.30912432107056,458.9971741057132
328.50919071862194,459.0
328.70925711617326,459.0
328.9093235137246,460.547131740777
329.1093899112759,456.0
329.30945630882724,462.23736202140066
329.50952270637856,464.5434565676342
329.70958910392994,465.0
329.90965550148127,465.0
330.1097218990326,464.0
